{
  "server": {
    "directories": [
      {
        "localPath": "./fs/programs/pyspark/spark_drivers",
        "remotePath": "/$[enginePath]/programs/pyspark/"
      },
      {
        "localPath": "./fs/engine/ape",
        "remotePath": "/$[enginePath]/"
      },
      {
        "localPath": "./fs/programs/pyspark/dunnhumby/cmp_allocation",
        "remotePath": "/$[enginePath]/programs/pyspark/dunnhumby/"
      },
      {
        "localPath": "./fs/programs/pyspark/$[client_name]/cmp_science/model",
        "remotePath": "/$[client_name]/$[fsLev]/sse/programs/"
      },
      {
        "localPath": "./fs/programs/pyspark/lib",
        "remotePath": "/$[enginePath]/programs/pyspark/"
      }
    ],
    "files": [
      {
        "localPath": "./fs/programs/pyspark/$[client_name]/$[EnvironmentIdentifier]_config.json",
        "remotePath": "/$[enginePath]/config.json"
      },
      {
        "localPath": "./fs/engine/airflow_call_ape_broker.py",
        "remotePath": "/$[enginePath]/airflow_call_ape_broker.py"
      },
      {
        "localPath": "./fs/engine/oracle_wallet_setup.sh",
        "remotePath": "/$[enginePath]/oracle_wallet_setup.sh"
      },
      {
        "localPath": "./fs/programs/pyspark/cmp-0.0.0-py2.7.egg",
        "remotePath": "/$[enginePath]/programs/pyspark/cmp-0.0.0-py2.7.egg"
      },
      {
        "localPath": "./fs/programs/pyspark/cmp-0.0.0-py2.7.egg",
        "remotePath": "/$[enginePath]/programs/pyspark/dunnhumby/cmp_allocation/allocation-latest.egg"
      }
    ],
    "commands": []
  }
}