{
    "EnvironmentIdentifier": "prod",
    "enginePath": "/smu_chile/Lev1/sse/engine",
    "oracleDbAlias": "EXA_GBSMUETLP",
    "oracleDbUser": "exa_gbsmuprdd",
    "serverNode": "gb-wat-svv-0572",
    "serverUser": "SMUCLPERP",
    "client_name": "smu_chile",
    "fsLev": "Lev1",
    "SSEHiveDatabasePrefix": "smu",
    "HdfsRootPath":  "/smu_chile/Lev1",
    "SSERequestPool": "root.sse",
    "HiveServerNodeName": "gbwatbd1r01s05",
    "SSEProductHierarchy": ["Division", "Section", "Group", "PacSubgroup", "Subgroup", "Product"],
    "SSEHiveWarehousePath": "hdfs://UKWatford-ns/smu_chile/Lev1/sse/hive",
    "SSEHiveWarehousedb": "smu_ssewh",
    "SSEHiveWorkdb": "smu_ssework",
    "SSEHivePobdb": "smu_pob",
    "SSEHivePurchaseTab": "purchase_fct",
    "SSEHiveTransactionTab": "transaction_item_fct",
    "SSEFeatureLogTab": "feature_run_log",
    "SSEFeatureDistinctTab": "feature_distinct_tab",
    "SSEFeatureDurations": [[1, 1], [1, 4], [1, 13], [1, 26], [1, 52]],
    "SSEFeatureCleanRun": "False",
    "SSEFeaturePacFlag": "True",
    "SSEFeatureBucketingFlag": "False",
    "SSEFeaturePaarFlag": "True",
    "SSEFeatureDataPurge": "True",
    "SSEFeatureDataPurgeRetentionWeekNum": 60,
    "SSEFeatureDataPurgePublishedRetentionWeekNum": 6,
    "SSEFeaturePurchaseRePartitionNum": 100,
    "SSEFeatureDenormWave": {"WorkerNum": 7, "ShufflePart": 250},
    "SSEFeatureSummaryWave1": {"WorkerNum": 3, "ShufflePart": 250},
    "SSEFeatureSummaryWave2": {"WorkerNum": 3, "ShufflePart": 350},
    "SSEFeatureAggregationWave1": {"WorkerNum": 4, "ShufflePart": 500},
    "SSEFeatureAggregationWave2": {"WorkerNum": 3, "ShufflePart": 500},
    "SSEFeatureAggregationWave3": {"WorkerNum": 2, "ShufflePart": 700},
    "SSEFeatureAggregationWave4": {"WorkerNum": 2, "ShufflePart": 700},
    "SSEFeatureMergeWave1": {"WorkerNum": 4, "ShufflePart": 500},
    "SSEFeatureMergeWave2": {"WorkerNum": 1, "ShufflePart": 800}
}
