{
    "enginePath": "/monoprix/Lev1/sse/engine",
    "oracleDbAlias": "EXA_GBMONPRDD_DM",
    "oracleDbUser": "exa_monprpep",
    "serverNode": "gb-slo-svv-0612",
    "serverUser": "MONFRPERP",
    "airflowNode": "gb-wat-svv-1770",
    "airflowUser": "MONFRPERP",
    "client_name": "monoprix",
    "fsLev": "Lev1",
    "HdfsRootPath": "/monoprix/Lev1",
    "ScoringBaseRetentionHistory": "2",
    "search.popularity.min_visits": "50000",
    "sys.impala.request_pool": "root.sse",
    "HivePortNumber": "10000",
    "HiveTableFileFormat": "parquet",
    "search.popularity.weight_itm": "1",
    "global.sum.prod_sum_lvl": "prod_comml_l10_code",
    "ProductGroupAttribute": "2",
    "search.trial_rate.tgt_channel": "2",
    "HYFModelName_B": "model2",
    "paar": "",
    "SseSuHdfsRootPath": "/monoprix/Lev1/sse/hive/mon_ssesu",
    "global.sum.period_sum_lvl": "fis_week_id",
    "global.sum.prod_sum_lvl5": null,
    "OnlineChannelList": "2",
    "search.trial_rate.min_hshds": "35000",
    "ProductDivisionAttribute": "4",
    "PromoAttributeMappings": [],
    "ImpalaRequestPool": "root.sse",
    "SSEHiveDatabasePrefix": "mon",
    "global.sum.prod_sum_lvl3": "prod_comml_l20_code",
    "SSERequestPool": "root.sse",
    "sub.sum.prod_sum_lvl": "prod_merch_l20_code",
    "SSEApplication": "sse",
    "SSEProductHierarchy": ["InstoreAisle", "PacSection", "PacInstoreShelf", "InstoreShelf",
        "Section", "Group", "Subgroup", "Product"],
    "SSEFeaturePacColumns": ["PacSection", "PacInstoreShelf"],
    "SSEHiveWarehousePath": "hdfs://UKSlough-ns/monoprix/Lev1/sse/hive",
    "SSEHiveWarehousedb": "mon_ssewh",
    "SSEHiveWorkdb": "mon_ssework",
    "SSEHivePobdb": "mon_pob",
    "SSEHivePurchaseTab": "purchase_fct",
    "SSEHiveTransactionTab": "transaction_item_fct",
    "SSEFeatureLogTab": "feature_run_log",
    "SSEFeatureDistinctTab": "feature_distinct_tab",
    "SSEFeatureDurations": [[1, 1], [1, 4], [1, 13], [1, 26], [1, 52]],
    "SSEFeatureCleanRun": "False",
    "SSEFeaturePacFlag": "True",
    "SSEFeatureBucketingFlag": "False",
    "SSEFeaturePaarFlag": "True",
    "SSEFeatureDataPurge": "True",
    "SSEFeatureDataPurgeRetentionWeekNum": 60,
    "SSEFeatureDataPurgePublishedRetentionWeekNum": 6,
    "SSEFeaturePurchaseRePartitionNum": 100,
    "SSEFeatureDenormWave": {"WorkerNum": 7, "ShufflePart": 250},
    "SSEFeatureSummaryWave1": {"WorkerNum": 3, "ShufflePart": 250},
    "SSEFeatureSummaryWave2": {"WorkerNum": 3, "ShufflePart": 350},
    "SSEFeatureAggregationWave1": {"WorkerNum": 4, "ShufflePart": 500},
    "SSEFeatureAggregationWave2": {"WorkerNum": 3, "ShufflePart": 1000},
    "SSEFeatureAggregationWave3": {"WorkerNum": 2, "ShufflePart": 1500},
    "SSEFeatureAggregationWave4": {"WorkerNum": 2, "ShufflePart": 2000},
    "SSEFeatureMergeWave1": {"WorkerNum": 4, "ShufflePart": 500},
    "SSEFeatureMergeWave2": {"WorkerNum": 1, "ShufflePart": 2000},
    "audience_selection": {
              "webhdfs_root": "http://activeNameNode.dunnhumby.co.uk:50070/webhdfs/v1",
              "hdfs_name_nodes": [
                "gbslobd1r01s01",
                "gbslobd1r01s02"
              ],
              "nfs_servers": [
                "gb-wat-svb-0035"
              ],
              "output_path": [
                "/data/monoprix/ingress/data_files/"
              ]
            },
    "FeaturesBaseRetentionPeriodCodesHistory": {
        "feat_cust_period": [
            {
                "fis_week_id": "4"
            },
            {
                "date_short_name": "28"
            }
        ],
        "feat_prod_period": [
            {
                "fis_week_id": "4"
            },
            {
                "date_short_name": "28"
            }
        ],
        "feat_cust_prod_period": [
            {
                "fis_week_id": "4"
            },
            {
                "date_short_name": "28"
            }
        ]
    },
    "FeaturesSupplementaryRetentionPeriodCodes": {
        "feat_cust_period": [
            {
                "fis_week_id": [
                    "201408",
                    "201417",
                    "201430",
                    "201436",
                    "201443",
                    "201444",
                    "201445",
                    "201453",
                    "201505",
                    "201517",
                    "201529",
                    "201535",
                    "201542",
                    "201543",
                    "201544",
                    "201551",
                    "201617",
                    "201618",
                    "201612",
                    "201621"
                ]
            },
            {
                "date_short_name": [
                    "20000101",
                    "20000102",
                    "20000103"
                ]
            }
        ],
        "feat_prod_period": [
            {
                "fis_week_id": [
                    "201408",
                    "201417",
                    "201430",
                    "201436",
                    "201443",
                    "201444",
                    "201445",
                    "201453",
                    "201505",
                    "201517",
                    "201529",
                    "201535",
                    "201542",
                    "201543",
                    "201544",
                    "201551",
                    "201617",
                    "201618",
                    "201612",
                    "201621"
                ]
            },
            {
                "date_short_name": [
                    "20000101",
                    "20000102",
                    "20000103"
                ]
            }
        ],
        "feat_cust_prod_period": [
            {
                "fis_week_id": [
                    "201408",
                    "201417",
                    "201430",
                    "201436",
                    "201443",
                    "201444",
                    "201445",
                    "201453",
                    "201505",
                    "201517",
                    "201529",
                    "201535",
                    "201542",
                    "201543",
                    "201544",
                    "201551",
                    "201617",
                    "201618",
                    "201612",
                    "201621"
                ]
            },
            {
                "date_short_name": [
                    "20000101",
                    "20000102",
                    "20000103"
                ]
            }
        ]
    },
    "ImpalaPortNumber": "21050",
    "SsePrHdfsRootPath": "/monoprix/Lev1/sse/hive/mon_ssepr",
    "SseWhHdfsRootPath": "/monoprix/Lev1/sse/hive/mon_ssewh",
    "HYFModelName": "model1",
    "HiveTableCompression": "",
    "sub.sum.store_types": "\u0027S\u0027,\u0027E\u0027,\u0027M\u0027",
    "ProductConsumptionType": {
        "ConsumptionTypes": [],
        "MarketSpecificAttribute": "not specified"
    },
    "Triggers": [
        {
            "run_warehouse": {
                "extension": ".complete",
                "directory": "/tmp/monoprix/Lev1/sse/base_feature_population/triggers",
                "server": "gb-wat-svv-0572",
                "file": "runwh",
                "add_datetime_stamp": "Y"
            }
        },
        {
            "weekly_features_run_scoring": {
                "extension": ".complete",
                "directory": "/tmp/monoprix/Lev1/sse/scoring/triggers",
                "server": "gb-wat-svv-0572",
                "file": "weekly_features",
                "add_datetime_stamp": "Y"
            }
        },
        {
            "regressiontest_daily_Su_Ft": {
                "extension": ".complete",
                "directory": "/tmp/monoprix/Lev1/sse/scoring/triggers",
                "server": "gb-wat-svv-0572",
                "file": "regressiontest_daily_Su_Ft",
                "add_datetime_stamp": "Y"
            }
        },
        {
            "regressiontest_032su_040ft": {
                "extension": ".complete",
                "directory": "/tmp/monoprix/Lev1/sse/scoring/triggers",
                "server": "gb-wat-svv-0572",
                "file": "regressiontest_032su_040ft",
                "add_datetime_stamp": "Y"
            }
        },
        {
            "hyf_run_allocation": {
                "extension": ".complete",
                "directory": "/monoprix/analysis/personalisation/common/triggers",
                "server": "gb-doc-svb-0325",
                "file": "hyf_scoring",
                "add_datetime_stamp": "Y"
            }
        },
        {
            "hyf_a_run_allocation": {
                "extension": ".complete",
                "directory": "/monoprix/analysis/personalisation/common/triggers",
                "server": "gb-doc-svb-0325",
                "file": "hyf_a_scoring",
                "add_datetime_stamp": "Y"
            }
        },
        {
            "hyf_b_run_allocation": {
                "extension": ".complete",
                "directory": "/monoprix/analysis/personalisation/common/triggers",
                "server": "gb-doc-svb-0325",
                "file": "hyf_b_scoring",
                "add_datetime_stamp": "Y"
            }
        },
        {
            "rp_run_allocation": {
                "extension": ".complete",
                "directory": "/monoprix/analysis/personalisation/common/triggers",
                "server": "gb-doc-svb-0325",
                "file": "promo_scoring",
                "add_datetime_stamp": "Y"
            }
        },
        {
            "daily_features_run_scoring": {
                "extension": ".complete",
                "directory": "/tmp/monoprix/Lev1/sse/scoring/triggers",
                "server": "gb-wat-svv-0572",
                "file": "daily_features",
                "add_datetime_stamp": "Y"
            }
        },
        {
            "usuals_run_allocation": {
                "extension": ".complete",
                "directory": "/monoprix/analysis/personalisation/common/triggers",
                "server": "gb-doc-svb-0325",
                "file": "usuals_scoring",
                "add_datetime_stamp": "Y"
            }
        },
        {
            "promo_load_run_scoring": {
                "extension": ".complete",
                "directory": "/tmp/monoprix/Lev1/sse/scoring/triggers",
                "server": "gb-wat-svv-0572",
                "file": "promo_load",
                "add_datetime_stamp": "Y"
            }
        },
        {
            "regressiontest_020pr_031su": {
                "extension": ".complete",
                "directory": "/tmp/monoprix/Lev1/sse/base_feature_population/triggers",
                "server": "gb-wat-svv-0572",
                "file": "regressiontest_020pr_031su",
                "add_datetime_stamp": "Y"
            }
        }
    ],
    "CustomerAttributeMappings": [
        {
            "Alias": "Customer",
            "MarketSpecificAttribute": "hshd_code",
            "MarketAgnosticAttribute": "0"
        }
    ],
    "SsePcHdfsRootPath": "/monoprix/Lev1/sse/hive/mon_ssepc",
    "sys.hive.host": "gbwatbd1r01s05",
    "ImpalaSubmitNodeName": "gb-wat-svv-0571",
    "sys.hive.port": "10000",
    "sub.sum.sample_size_pct": "10",
    "sys.impala.host": "gb-wat-svv-0571",
    "ImpalaConnectionString": "jdbc:hive2://gb-wat-svv-0571:21050/default;principal=impala/gb-wat-svv-0571.dunnhumby.co.uk@DUNNHUMBY.CO.UK",
    "PeriodAttributeMappings": [
        {
            "Alias": "Fiscal Week",
            "MarketSpecificAttribute": "fis_week_id",
            "MarketAgnosticAttribute": "fw"
        },
        {
            "Alias": "Date",
            "MarketSpecificAttribute": "date_short_name",
            "MarketAgnosticAttribute": "d"
        }
    ],
    "global.loyalty.filter.mostloyal": "sloyalty_06_code = \u0027PR\u0027",
    "SseWhRawHdfsRootPath": "/monoprix/Lev1/sse/hive/mon_ssewh_raw",
    "Market": "mon",
    "SseHiveHdfsRootPath": "/monoprix/Lev1/sse/hive",
    "PobHiveHdfsRootPath": "/monoprix/Lev1/pob/hive",
    "EnvironmentIdentifier": "prod",
    "ProductSubgroupAttribute": "1",
    "global.sum.cust_sum_lvl_short": "hshd",
    "BeelineConnectionString": "jdbc:hive2://gbwatbd1r01s05:10000/default\" -n TESIEPERD -p \"",
    "MattermostChannelIncomingWebhookUrl": "https://mattermost.dunnhumby.com/hooks/kob6us9wbjbmd8zm61o965jgrh",
    "ClientShortName": "mon",
    "sys.table.compression_string": "",
    "global.sum.prod_grain_lvl": "prod_group_code",
    "SseMoHdfsRootPath": "/monoprix/Lev1/sse/hive/mon_ssemo",
    "FeatureTablePartitions": {
        "feat_prod_store_period": [
            {
                "store_code_type": "store_code",
                "period_code_type": "fis_week_id",
                "prod_code_type": "prod_group_code"
            }
        ],
        "feat_cust_period": [
            {
                "cust_code_type": "hshd_code",
                "period_code_type": "fis_week_id",
                "PrTransTable": "trans"
            },
            {
                "cust_code_type": "hshd_code",
                "period_code_type": "date_short_name"
            }
        ],
        "feat_prod_period": [
            {
                "cust_code_type": "hshd_code",
                "period_code_type": "fis_week_id",
                "PrTransTable": "trans",
                "prod_code_type": "prod_group_code"
            },
            {
                "cust_code_type": "hshd_code",
                "period_code_type": "fis_week_id",
                "PrTransTable": "trans",
                "prod_code_type": "prod_merch_l10_code"
            },
            {
                "cust_code_type": "hshd_code",
                "period_code_type": "date_short_name",
                "prod_code_type": "prod_group_code"
            }
        ],
        "feat_promo_prod_store_period": [],
        "feat_cust_prod_period": [
            {
                "cust_code_type": "hshd_code",
                "period_code_type": "fis_week_id",
                "PrTransTable": "trans",
                "prod_code_type": "prod_group_code"
            },
            {
                "cust_code_type": "hshd_code",
                "period_code_type": "fis_week_id",
                "PrTransTable": "trans",
                "prod_code_type": "prod_merch_l10_code"
            },
            {
                "cust_code_type": "hshd_code",
                "period_code_type": "fis_week_id",
                "PrTransTable": "trans",
                "prod_code_type": "prod_merch_l21_code"
            },
            {
                "cust_code_type": "hshd_code",
                "period_code_type": "date_short_name",
                "prod_code_type": "prod_group_code"
            }
        ]
    },
    "sys.impala.port": "21050",
    "global.sum.prod_sum_lvl4": "prod_comml_l21_code",
    "StoreIdentifyingAttribute": "store_code",
    "com.sum.prod_range_wks": "8",
    "FSTarget": "/monoprix/Lev1",
    "search.trial_rate.tgt_days": "7",
    "CSVExtracts": null,
    "ProductAttributeMappings": [
        {
            "Alias": "Product",
            "MarketSpecificAttribute": "prod_group_code",
            "MarketAgnosticAttribute": "0"
        },
        {
            "Alias": "Subgroup",
            "MarketSpecificAttribute": "prod_merch_l10_code",
            "MarketAgnosticAttribute": "1"
        },
        {
            "Alias": "Group",
            "MarketSpecificAttribute": "prod_merch_l20_code",
            "MarketAgnosticAttribute": "2"
        },
        {
            "Alias": "",
            "MarketSpecificAttribute": "prod_merch_l21_code",
            "MarketAgnosticAttribute": "3"
        },
        {
            "Alias": "Division",
            "MarketSpecificAttribute": "prod_merch_l30_code",
            "MarketAgnosticAttribute": "4"
        },
        {
            "Alias": "",
            "MarketSpecificAttribute": "brand_name",
            "MarketAgnosticAttribute": "5"
        }
    ],
    "PAARCommodityScoresTable": "paar_commodity_scores",
    "StoreAttributeMappings": [
        {
            "Alias": "Store",
            "MarketSpecificAttribute": "store_code",
            "MarketAgnosticAttribute": "0"
        }
    ],
    "SseFtHdfsRootPath": "/monoprix/Lev1/sse/hive/mon_sseft",
    "PobHdfsRootPath": "/monoprix/Lev1/pob/hive/mon_pob",
    "search.popularity.tgt_channel": "2",
    "search.popularity.tgt_days": "91",
    "sys.client.shortname": "mon",
    "search.popularity.weight_bsk": "0",
    "CustomerSeedList": {
        "CustomerList": [],
        "CustomerAttribute": "not specified"
    },
    "Sseraw_dataHdfsRootPath": "/monoprix/Lev1/sse/raw_data",
    "ProductIdentifyingAttribute": "prod_group_code",
    "SqoopOracleTableAndColumnMetadata2": {
        "sqoop": {
            "oracle": {
                "tables": {
                    "date_dim": {
                        "mappers": "18",
                        "target-dir": "/monoprix/Lev1/sse/raw_data/date_dim",
                        "source_table": "WAREHOUSE.DATE_DIM",
                        "partition": "\"\"",
                        "split-by": "CAL_DAY_OF_WEEK_NUM",
                        "unique_column": "DATE_ID",
                        "columns": [
                            {
                                "DATE_ID": "string"
                            },
                            {
                                "DATE_NAME": "string"
                            },
                            {
                                "DATE_SHORT_NAME": "string"
                            },
                            {
                                "DAY_OF_WEEK_NAME": "string"
                            },
                            {
                                "DAY_OF_WEEK_SHORT_NAME": "string"
                            },
                            {
                                "WEEKEND_FLAG": "string"
                            },
                            {
                                "HOLIDAY_FLAG": "string"
                            },
                            {
                                "HOLIDAY_NAME": "string"
                            },
                            {
                                "CAL_DAY_OF_WEEK_NUM": "bigint"
                            },
                            {
                                "CAL_DAY_OF_MONTH_NUM": "bigint"
                            },
                            {
                                "CAL_DAY_OF_QUARTER_NUM": "bigint"
                            },
                            {
                                "CAL_DAY_OF_YEAR_NUM": "bigint"
                            },
                            {
                                "CAL_DAY_OF_EPOCH_NUM": "bigint"
                            },
                            {
                                "CAL_WEEK_ID": "bigint"
                            },
                            {
                                "CAL_WEEK_NAME": "string"
                            },
                            {
                                "CAL_WEEK_SHORT_NAME": "string"
                            },
                            {
                                "CAL_WEEK_OF_EPOCH_NUM": "bigint"
                            },
                            {
                                "CAL_WEEK_START_DATE": "string"
                            },
                            {
                                "CAL_WEEK_END_DATE": "string"
                            },
                            {
                                "CAL_MONTH_ID": "bigint"
                            },
                            {
                                "CAL_MONTH_NAME": "string"
                            },
                            {
                                "CAL_MONTH_SHORT_NAME": "string"
                            },
                            {
                                "CAL_MONTH_OF_YEAR_NAME": "string"
                            },
                            {
                                "CAL_MONTH_OF_YEAR_SHORT_NAME": "string"
                            },
                            {
                                "CAL_MONTH_OF_QUARTER_NUM": "bigint"
                            },
                            {
                                "CAL_MONTH_OF_YEAR_NUM": "bigint"
                            },
                            {
                                "CAL_MONTH_OF_EPOCH_NUM": "bigint"
                            },
                            {
                                "CAL_MONTH_START_DATE": "string"
                            },
                            {
                                "CAL_MONTH_END_DATE": "string"
                            },
                            {
                                "CAL_QUARTER_ID": "bigint"
                            },
                            {
                                "CAL_QUARTER_NAME": "string"
                            },
                            {
                                "CAL_QUARTER_SHORT_NAME": "string"
                            },
                            {
                                "CAL_QUARTER_OF_YEAR_NAME": "string"
                            },
                            {
                                "CAL_QUARTER_OF_YEAR_SHORT_NAME": "string"
                            },
                            {
                                "CAL_QUARTER_OF_YEAR_NUM": "bigint"
                            },
                            {
                                "CAL_QUARTER_OF_EPOCH_NUM": "bigint"
                            },
                            {
                                "CAL_QUARTER_START_DATE": "string"
                            },
                            {
                                "CAL_QUARTER_END_DATE": "string"
                            },
                            {
                                "CAL_YEAR_ID": "bigint"
                            },
                            {
                                "CAL_YEAR_START_DATE": "string"
                            },
                            {
                                "CAL_YEAR_END_DATE": "string"
                            },
                            {
                                "FIS_DAY_OF_WEEK_NUM": "bigint"
                            },
                            {
                                "FIS_DAY_OF_MONTH_NUM": "bigint"
                            },
                            {
                                "FIS_DAY_OF_QUARTER_NUM": "bigint"
                            },
                            {
                                "FIS_DAY_OF_YEAR_NUM": "bigint"
                            },
                            {
                                "FIS_DAY_OF_EPOCH_NUM": "bigint"
                            },
                            {
                                "FIS_WEEK_ID": "bigint"
                            },
                            {
                                "FIS_WEEK_NAME": "string"
                            },
                            {
                                "FIS_WEEK_SHORT_NAME": "string"
                            },
                            {
                                "FIS_WEEK_OF_MONTH_NUM": "bigint"
                            },
                            {
                                "FIS_WEEK_OF_QUARTER_NUM": "bigint"
                            },
                            {
                                "FIS_WEEK_OF_YEAR_NUM": "bigint"
                            },
                            {
                                "FIS_WEEK_OF_EPOCH_NUM": "bigint"
                            },
                            {
                                "FIS_WEEK_START_DATE": "string"
                            },
                            {
                                "FIS_WEEK_END_DATE": "string"
                            },
                            {
                                "FIS_MONTH_ID": "bigint"
                            },
                            {
                                "FIS_MONTH_NAME": "string"
                            },
                            {
                                "FIS_MONTH_SHORT_NAME": "string"
                            },
                            {
                                "FIS_MONTH_OF_YEAR_NAME": "string"
                            },
                            {
                                "FIS_MONTH_OF_YEAR_SHORT_NAME": "string"
                            },
                            {
                                "FIS_MONTH_OF_QUARTER_NUM": "bigint"
                            },
                            {
                                "FIS_MONTH_OF_YEAR_NUM": "bigint"
                            },
                            {
                                "FIS_MONTH_OF_EPOCH_NUM": "bigint"
                            },
                            {
                                "FIS_MONTH_START_DATE": "string"
                            },
                            {
                                "FIS_MONTH_END_DATE": "string"
                            },
                            {
                                "FIS_QUARTER_ID": "bigint"
                            },
                            {
                                "FIS_QUARTER_NAME": "string"
                            },
                            {
                                "FIS_QUARTER_SHORT_NAME": "string"
                            },
                            {
                                "FIS_QUARTER_OF_YEAR_NAME": "string"
                            },
                            {
                                "FIS_QUARTER_OF_YEAR_SHORT_NAME": "string"
                            },
                            {
                                "FIS_QUARTER_OF_YEAR_NUM": "bigint"
                            },
                            {
                                "FIS_QUARTER_OF_EPOCH_NUM": "bigint"
                            },
                            {
                                "FIS_QUARTER_START_DATE": "string"
                            },
                            {
                                "FIS_QUARTER_END_DATE": "string"
                            },
                            {
                                "FIS_YEAR_ID": "bigint"
                            },
                            {
                                "FIS_YEAR_START_DATE": "string"
                            },
                            {
                                "FIS_YEAR_END_DATE": "string"
                            },
                            {
                                "CREATED_DTTM": "string"
                            },
                            {
                                "MODIFIED_DTTM": "string"
                            },
                            {
                                "DATE_AGG_ID": "bigint"
                            },
                            {
                                "DATE_FIS_WEEK_AGG_ID": "bigint"
                            },
                            {
                                "DATE_FIS_MONTH_AGG_ID": "bigint"
                            },
                            {
                                "DATE_FIS_QUARTER_AGG_ID": "bigint"
                            },
                            {
                                "DATE_FIS_YEAR_AGG_ID": "bigint"
                            },
                            {
                                "DATE_CAL_WEEK_AGG_ID": "bigint"
                            },
                            {
                                "DATE_CAL_MONTH_AGG_ID": "bigint"
                            },
                            {
                                "DATE_CAL_QUARTER_AGG_ID": "bigint"
                            },
                            {
                                "DATE_CAL_YEAR_AGG_ID": "bigint"
                            }
                        ]
                    },
                    "transaction_item_fct": {
                        "mappers": "18",
                        "partition": "\"\"",
                        "source_table": "WAREHOUSE.TRANSACTION_ITEM_FCT",
                        "target-dir": "/monoprix/Lev1/sse/raw_data/transaction_item_fct",
                        "split-by": "BASKET_SAMPLE_SEED_NUM",
                        "unique_column": "TRANSACTION_ITEM_FID",
                        "columns": [
                            {
                                "TRANSACTION_ITEM_FID": "Bigint"
                            },
                            {
                                "TRANSACTION_FID": "DECIMAL(38,0)"
                            },
                            {
                                "PROD_ID": "Bigint"
                            },
                            {
                                "PROD_HIST_ID": "Bigint"
                            },
                            {
                                "STORE_ID": "Bigint"
                            },
                            {
                                "STORE_HIST_ID": "Bigint"
                            },
                            {
                                "CARD_ID": "Bigint"
                            },
                            {
                                "CARD_HIST_ID": "Bigint"
                            },
                            {
                                "DATE_ID": "String"
                            },
                            {
                                "TIME_ID": "Bigint"
                            },
                            {
                                "CURRENCY_ID": "Bigint"
                            },
                            {
                                "TERMINAL_ID": "Bigint"
                            },
                            {
                                "TERMINAL_HIST_ID": "Bigint"
                            },
                            {
                                "TRANSACTION_DTTM": "String"
                            },
                            {
                                "LOAD_ID": "Bigint"
                            },
                            {
                                "CREATED_DTTM": "String"
                            },
                            {
                                "MODIFIED_DTTM": "String"
                            },
                            {
                                "ITEM_QTY": "DECIMAL(24,2)"
                            },
                            {
                                "NET_SPEND_AMT": "DECIMAL(38,2)"
                            },
                            {
                                "CHANNEL_ID": "Bigint"
                            },
                            {
                                "CONVERTED_TRANSACTION_FID": "Bigint"
                            },
                            {
                                "MARKDOWN_FLAG": "char(1)"
                            },
                            {
                                "MARKDOWN_REDUCTION_AMT": "DECIMAL(38,2)"
                            },
                            {
                                "REWARD_BONUS_PTS": "Bigint"
                            },
                            {
                                "CHANNEL_HIST_ID": "Bigint"
                            },
                            {
                                "BASKET_SAMPLE_SEED_NUM": "Bigint"
                            },
                            {
                                "LOYALTY_CARD_FLAG": "char(1)"
                            },
                            {
                                "VOLUME_UOM_CODE": "String"
                            },
                            {
                                "VOLUME_UOM_QTY": "DECIMAL(12,2)"
                            },
                            {
                                "WEIGHT_UOM_CODE": "String"
                            },
                            {
                                "WEIGHT_UOM_QTY": "DECIMAL(12,2)"
                            }
                        ]
                    },
                    "seg_value_dim_c": {
                        "mappers": "18",
                        "partition": "",
                        "source_table": "WAREHOUSE.SEG_VALUE_DIM_C",
                        "target-dir": "/monoprix/Lev1/sse/raw_data/seg_value_dim_c",
                        "split-by": "SEG_VALUE_CODE",
                        "unique_column": "SEG_VALUE_ID",
                        "columns": [
                            {
                                "SEG_VALUE_ID": "bigint"
                            },
                            {
                                "SEG_VALUE_CODE": "string"
                            },
                            {
                                "SEG_VALUE_NAME": "string"
                            },
                            {
                                "SEG_SORT_ORDER_NUM": "bigint"
                            },
                            {
                                "SEG_SUBJECT_ID": "bigint"
                            },
                            {
                                "SEG_SUBJECT_CODE": "string"
                            },
                            {
                                "SEG_SUBJECT_NAME": "string"
                            },
                            {
                                "SEG_TYPE_ID": "bigint"
                            },
                            {
                                "SEG_TYPE_CODE": "string"
                            },
                            {
                                "SEG_TYPE_NAME": "string"
                            },
                            {
                                "CREATED_DTTM": "string"
                            },
                            {
                                "MODIFIED_DTTM": "string"
                            },
                            {
                                "SEG_TYPE_VALUE_CODE": "string"
                            },
                            {
                                "SEG_GROUP_NAME": "string"
                            }
                        ]
                    },
                    "prsn_loyalty_seg": {
                        "mappers": "18",
                        "target-dir": "/monoprix/Lev1/sse/raw_data/prsn_loyalty_seg",
                        "source_table": "WAREHOUSE.PRSN_LOYALTY_SEG",
                        "partition": "",
                        "split-by": "PRSN_ID",
                        "unique_column": "PRSN_ID",
                        "columns": [
                            {
                                "DATE_ID": "string"
                            },
                            {
                                "PRSN_ID": "bigint"
                            },
                            {
                                "PRSN_SEG_LOYALTY_LOW_ID": "bigint"
                            },
                            {
                                "SEG_VERSION_ID": "bigint"
                            },
                            {
                                "PRSN_SEG_LOYALTY_HIGH_ID": "bigint"
                            },
                            {
                                "PRSN_SEG_SPEND_LVL_CODE": "string"
                            },
                            {
                                "PRSN_SEG_FREQ_LVL_CODE": "string"
                            },
                            {
                                "PRSN_SEG_ACTIVE_CODE": "string"
                            },
                            {
                                "LOAD_ID": "bigint"
                            },
                            {
                                "CREATED_DTTM": "string"
                            },
                            {
                                "MODIFIED_DTTM": "string"
                            },
                            {
                                "PRSN_SEG_TOT_SPEND_AMT": "string"
                            },
                            {
                                "PRSN_SEG_TOT_VISIT_QTY": "string"
                            },
                            {
                                "PRSN_SEG_AVG_ELAPSED_PRD_QTY": "string"
                            },
                            {
                                "PRSN_SEG_DISTINCT_PERIOD_QTY": "string"
                            },
                            {
                                "PRSN_SEG_ELAPSED_PERIOD_QTY": "string"
                            }
                        ]
                    },
                    "prsn_pref_seg": {
                        "mappers": "6",
                        "partition": "\"\"",
                        "source_table": "WAREHOUSE.PRSN_PREF_SEG",
                        "target-dir": "/monoprix/Lev1/sse/raw_data/prsn_pref_seg",
                        "split-by": "PRSN_ID",
                        "columns": [
                            {
                                "DATE_ID": "bigint"
                            },
                            {
                                "PRSN_ID": "bigint"
                            },
                            {
                                "SEG_VERSION_ID": "bigint"
                            },
                            {
                                "PRSN_SEG_PREF_ID": "bigint"
                            },
                            {
                                "PRSN_SEG_PREF_STORE_1_ID": "bigint"
                            },
                            {
                                "PRSN_SEG_PREF_STORE_2_ID": "bigint"
                            },
                            {
                                "PRSN_SEG_PREF_STORE_3_ID": "bigint"
                            },
                            {
                                "LOAD_ID": "bigint"
                            },
                            {
                                "CREATED_DTTM": "string"
                            },
                            {
                                "MODIFIED_DTTM": "string"
                            }
                        ]
                    },


                    "vendor_lkp_c": {
                        "mappers": "6",
                        "partition": "\"\"",
                        "source_table": "WAREHOUSE.VENDOR_LKP_C",
                        "target-dir": "/monoprix/Lev4/sse/raw_data/vendor_lkp_c",
                        "split-by": "VENDOR_ID",
                        "columns": [
                            {
                                "VENDOR_ID": "bigint"
                            },
                            {
                                "ACTIVE_FLAG": "char(1)"
                            },
                            {
                                "LOAD_ID": "bigint"
                            },
                            {
                                "CREATED_DTTM": "string"
                            },
                            {
                                "MODIFIED_DTTM": "string"
                            },
                            {
                                "VENDOR_CODE": "string"
                            },
                            {
                                "VENDOR_NAME": "string"
                            }
                        ]
                    },
                    "prod_dim_c": {
                        "mappers": "6",
                        "target-dir": "/monoprix/Lev1/sse/raw_data/prod_dim_c",
                        "source_table": "WAREHOUSE.PROD_DIM_C",
                        "partition": "\"\"",
                        "split-by": "PROD_ID",
                        "unique_column": "PROD_GROUP_CODE",
                        "columns": [
                            {
                                "PROD_ID": "bigint"
                            },
                            {
                                "PROD_CODE": "string"
                            },
                            {
                                "PROD_DESC": "string"
                            },
                            {
                                "PROD_COMML_L10_CODE": "string"
                            },
                            {
                                "PROD_COMML_L20_CODE": "string"
                            },
                            {
                                "PROD_COMML_L21_CODE": "string"
                            },
                            {
                                "PROD_COMML_L22_CODE": "string"
                            },
                            {
                                "PROD_COMML_L23_CODE": "string"
                            },
                            {
                                "PROD_COMML_L24_CODE": "string"
                            },
                            {
                                "PROD_COMML_L30_CODE": "string"
                            },
                            {
                                "PROD_COMML_L10_DESC": "string"
                            },
                            {
                                "PROD_COMML_L20_DESC": "string"
                            },
                            {
                                "PROD_COMML_L21_DESC": "string"
                            },
                            {
                                "PROD_COMML_L22_DESC": "string"
                            },
                            {
                                "PROD_COMML_L23_DESC": "string"
                            },
                            {
                                "PROD_COMML_L24_DESC": "string"
                            },
                            {
                                "PROD_COMML_L30_DESC": "string"
                            },
                            {
                                "BRAND_NAME": "string"
                            },
                            {
                                "VENDOR_ID": "string"
                            },
                            {
                                "COMMERCIAL_DESIGNATION": "string"
                            },
                            {
                                "IMAGE_URL": "string"
                            },
                            {
                                "DELIST_DATE": "string"
                            }
                        ]
                    },
                    "store_dim_c": {
                        "mappers": "6",
                        "target-dir": "/monoprix/Lev1/sse/raw_data/store_dim_c",
                        "source_table": "WAREHOUSE.STORE_DIM_C",
                        "partition": "\"\"",
                        "split-by": "STORE_ID",
                        "unique_column": "STORE_ID",
                        "columns": [
                            {
                                "STORE_ID": "bigint"
                            },
                            {
                                "STORE_CODE": "string"
                            },
                            {
                                "STORE_NAME": "string"
                            },
                            {
                                "FORMAT_CODE": "string"
                            },
                            {
                                "FORMAT_NAME": "string"
                            },
                            {
                                "STORE_MGMT_L10_CODE": "string"
                            },
                            {
                                "STORE_MGMT_L10_DESC": "string"
                            },
                            {
                                "STORE_MGMT_L20_CODE": "string"
                            },
                            {
                                "STORE_MGMT_L20_DESC": "string"
                            },
                            {
                                "BANNER_NAME": "string"
                            },
                            {
                                "STORE_TYPE_CODE": "string"
                            },
                            {
                                "STORE_TYPE_DESC": "string"
                            },
                            {
                                "OWNERSHIP_CODE": "string"
                            },
                            {
                                "OWNERSHIP_DESC": "string"
                            },
                            {
                                "OPERATIONAL_AREA_NAME": "string"
                            },
                            {
                                "AFFLUENCE_LEVEL_CODE": "string"
                            },
                            {
                                "FULFILLMENT_STORE_CODE": "string"
                            },
                            {
                                "ADDRESS_LINE1_NAME": "string"
                            },
                            {
                                "ADDRESS_LINE2_NAME": "string"
                            },
                            {
                                "ADDRESS_CITY_NAME": "string"
                            },
                            {
                                "ADDRESS_POSTAL_CODE": "string"
                            }
                        ]
                    },
                    "card_dim_c": {
                        "mappers": "6",
                        "target-dir": "/monoprix/Lev1/sse/raw_data/card_dim_c",
                        "source_table": "WAREHOUSE.CARD_DIM_C",
                        "partition": "",
                        "split-by": "PRSN_SAMPLE_SEED_NUM",
                        "unique_column": "CARD_ID",
                        "columns": [
                            {
                                "CARD_ID": "Bigint"
                            },
                            {
                                "PRSN_ID": "Bigint"
                            },
                            {
                                "PRSN_CODE": "String"
                            },
                            {
                                "PRSN_ALT_CODE": "String"
                            },
                            {
                                "LOAD_ID": "Bigint"
                            },
                            {
                                "CREATED_DTTM": "String"
                            },
                            {
                                "MODIFIED_DTTM": "String"
                            },
                            {
                                "SKELETON_FLAG": "char(1)"
                            },
                            {
                                "CARD_CODE": "String"
                            },
                            {
                                "PRSN_TITLE_NAME": "String"
                            },
                            {
                                "PRSN_ADDRESS_CITY_NAME": "String"
                            },
                            {
                                "PRSN_ADDRESS_POSTAL_CODE": "String"
                            },
                            {
                                "PRSN_ADDRESS_COUNTRY_CODE": "String"
                            },
                            {
                                "PRSN_AD_OPTOUT_FLAG": "String"
                            },
                            {
                                "PRSN_BIRTH_DATE": "String"
                            },
                            {
                                "PRSN_ACTIVATION_DATE": "String"
                            },
                            {
                                "PRSN_ADDRESS_QUALITY_CODE": "String"
                            },
                            {
                                "PRSN_PHONE_SUPPRESS_FLAG": "char(1)"
                            },
                            {
                                "PRSN_STATUS_CODE": "String"
                            },
                            {
                                "PRSN_EMAIL_SUPPRESS_FLAG": "char(1)"
                            },
                            {
                                "PRSN_PARTNER_EMAIL_SUPP_FLAG": "char(1)"
                            },
                            {
                                "PRSN_PARTNER_MAIL_SUPP_FLAG": "char(1)"
                            },
                            {
                                "PRSN_PARTNER_PHONE_SUPP_FLAG": "char(1)"
                            },
                            {
                                "PRSN_PARTNER_SMS_SUPP_FLAG": "char(1)"
                            },
                            {
                                "PRSN_SMS_SUPPRESS_FLAG": "char(1)"
                            },
                            {
                                "CARD_ACTIVATION_STORE_CODE": "string"
                            },
                            {
                                "DH_PRSN_DIRECT_MAIL_FLAG": "char(1)"
                            },
                            {
                                "PRSN_ADDRESS_INVALID_CODE": "string"
                            },
                            {
                                "PRSN_ADDRESS_INVALID_DATE": "String"
                            },
                            {
                                "PRSN_FIRST_PURCHASE_DATE": "String"
                            },
                            {
                                "PRSN_PHONE_VALID_FLAG": "char(1)"
                            },
                            {
                                "PRSN_EMAIL_VALID_FLAG": "char(1)"
                            },
                            {
                                "PRSN_MAIL_SUPPRESS_FLAG": "char(1)"
                            }
                        ]
                    },
                    "channel_dim_c": {
                        "mappers": "6",
                        "target-dir": "/monoprix/Lev1/sse/raw_data/channel_dim_c",
                        "source_table": "WAREHOUSE.CHANNEL_DIM_C",
                        "partition": "",
                        "split-by": "CHANNEL_ID",
                        "unique_column": "CHANNEL_ID",
                        "columns": [
                            {
                                "CHANNEL_ID": "Bigint"
                            },
                            {
                                "CHANNEL_CODE": "String"
                            },
                            {
                                "CHANNEL_NAME": "String"
                            },
                            {
                                "LOAD_ID": "Bigint"
                            },
                            {
                                "CREATED_DTTM": "String"
                            },
                            {
                                "MODIFIED_DTTM": "String"
                            },
                            {
                                "SKELETON_FLAG": "char(1)"
                            }
                        ]
                    },
                    "prsn_pricesense_seg": {
                        "mappers": "6",
                        "target-dir": "/monoprix/Lev3/sse/raw_data/prsn_pricesense_seg",
                        "source_table": "WAREHOUSE.PRSN_PRICESENSE_SEG",
                        "partition": "",
                        "split-by": "PRSN_SEG_PRICESENSE_ID",
                        "unique_column": "PRSN_ID",
                        "columns": [
                            {
                                "DATE_ID": "String"
                            },
                            {
                                "PRSN_ID": "Bigint"
                            },
                            {
                                "PRSN_SEG_PRICESENSE_ID": "Bigint"
                            },
                            {
                                "SEG_VERSION_ID": "Bigint"
                            },
                            {
                                "CREATED_DTTM": "String"
                            },
                            {
                                "MODIFIED_DTTM": "String"
                            }
                        ]
                    },
                    "max_trans_date_dim": {
                        "mappers": "1",
                        "target-dir": "/monoprix/Lev1/sse/raw_data/max_trans_date_dim",
                        "source_table": "WAREHOUSE.TRANSACTION_ITEM_FCT",
                        "rename_table": "MAX_TRANS_DATE_DIM",
                        "partition": "\"\"",
                        "split-by": "DATE_ID",
                        "columns": [
                            {
                                "DATE_ID": "String"
                            }
                        ]
                    }
                },
                "option": {
                    "export": {
                        "files": "\"${HOME}/.oracle_wallet/cwallet.sso,${HOME}/.oracle_wallet/ewallet.p12,${TNS_ADMIN}/sqlnet.ora,${TNS_ADMIN}/tnsnames.ora\"",
                        "mappers": "18",
                        "oraoop.jdbc.url.verbatim": "true",
                        "verbose": "\"\"",
                        "oraoop.timestamp.string": "false",
                        "oraoop.chunk.method": "ROWID",
                        "mapreduce.output.fileoutputformat.compress": "true",
                        "compress": "\"\"",
                        "mapreduce.output.fileoutputformat.compress.type": "BLOCK",
                        "compression-codec": "\u0027org.apache.hadoop.io.compress.SnappyCodec\u0027",
                        "mapreduce.output.fileoutputformat.compress.codec": "org.apache.hadoop.io.compress.SnappyCodec",
                        "connect": "\u0027jdbc:oracle:thin:@EXA_GBMONPRDD_DM\u0027",
                        "env": {
                            "hive_home": "/opt/cloudera/parcels/CDH/lib/hive",
                            "hadoop_opts": "\" -Doracle.net.tns_admin=${TNS_ADMIN} -Doracle.net.wallet_location=${HOME}/.oracle_wallet -Djava.security.egd=file:/dev/../dev/urandom -Doraoop.import.hint=no_parallel\"",
                            "hcat_home": "/opt/cloudera/parcels/CDH/lib/hive-hcatalog/",
                            "tns_admin": "~/tns_admin"
                        },
                        "mapreduce.map.java.opts": "\" -Djava.security.egd=file:/dev/../dev/urandom -Djava.net.preferIPv4Stack=true -Xmx825955249 -Doracle.net.tns_admin=. -Doracle.net.wallet_location=.\"",
                        "delete-target-dir": "\"\"",
                        "libjars": "\u0027/var/lib/sqoop/oraclepki.jar,/var/lib/sqoop/osdt_cert.jar,/var/lib/sqoop/osdt_core.jar\u0027",
                        "mapreduce.job_queuename": "root.sse"
                    }
                }
            },
            "cmd": "/usr/bin/sqoop",
            "hadoop": {
                "jdbc": {
                    "host": "gbslobd1r01s04",
                    "port": "10000",
                    "database": "mon_ssewh"
                },
                "drop_stage_table": "True"
            }
        }
    },
    "global.sum.cust_sum_lvl": "hshd_code",
    "sys.hive.lock.sleep.between.retries": "",
    "CustomerIdentifyingAttribute": "hshd_code",
    "global.sum.period_sum_lvl.dly": "date_short_name",
    "sys.table.format.long": "parquet",
    "search.trial_rate.pre_days": "365",
    "PacProdCodeType": "prod_comml_l20_code",
    "HiveServerNodeName": "gbslobd1r01s04"
}