[
    {
        "server": "gb-slo-svv-0612",
        "location": "/monoprix/Lev1/sse",
        "username": "MONFRPERP",
        "password": "$MONFRPERP_PASSWORD"
    },
    {
      "server": "gb-wat-svv-0572",
      "location": "/ci_columbia/Lev3/sse",
      "username": "CASCOPERT",
      "password": "$CASCOPERT_PASSWORD"
    },
    {
      "server": "gb-wat-svv-0572",
      "location": "/smu_chile/Lev1/sse",
      "username": "SMUCLPERP",
      "password": "$SMUCLPERP_PASSWORD"
    },
    {
      "server": "gb-wat-svb-0395",
      "location": "/coop_no/Lev3/sse",
      "username": "COONOPERT",
      "password": "$COONOPERT_PASSWORD"
    },
    {
        "server": "gb-wat-svv-0572",
        "location": "/ci_columbia/Lev1/sse",
        "username": "CASCOPERP",
        "password": "$CASCOPERP_PASSWORD"
    },
     {
        "server": "gb-slo-svv-0612",
        "location": "/tesco_uk/Lev1/sse",
        "username": "TESUKPERP",
        "password": "$TESUKPERP_PASSWORD"
    },
    {
      "server": "gb-wat-svv-0572",
      "location": "/coop_no/Lev1/sse",
      "username": "COONOPERP",
      "password": "$COONOPERP_PASSWORD"
    },
    {
      "server": "gb-wat-svv-0571",
      "location": "/tesco_pl/Lev1/cmp",
      "username": "TESPLPERP",
      "password": "$TESPLPERP_PASSWORD"
    },
    {
      "server": "gb-wat-svv-0571",
      "location": "/tesco_pl/Lev3/cmp",
      "username": "TESPLPERT",
      "password": "$TESPLPERT_PASSWORD"
    },
    {
      "server": "gb-wat-svv-0571",
      "location": "/tesco_sk/Lev1/cmp",
      "username": "TESSKPERP",
      "password": "$TESSKPERP_PASSWORD"
    },
    {
      "server": "gb-wat-svv-0571",
      "location": "/tesco_sk/Lev3/cmp",
      "username": "TESSKPERT",
      "password": "$TESSKPERT_PASSWORD"
    },
    {
      "server": "gb-wat-svv-0571",
      "location": "/tesco_hu/Lev1/cmp",
      "username": "TESHUPERP",
      "password": "$TESHUPERP_PASSWORD"
    },
    {
      "server": "gb-wat-svv-0571",
      "location": "/tesco_hu/Lev3/cmp",
      "username": "TESHUPERT",
      "password": "$TESHUPERT_PASSWORD"
    },
    {
      "server": "gb-wat-svv-0571",
      "location": "/tesco_sk/Lev1/cmp",
      "username": "TESSKPERP",
      "password": "$TESSKPERP_PASSWORD"
    },
    {
      "server": "gb-wat-svv-0571",
      "location": "/tesco_sk/Lev3/cmp",
      "username": "TESSKPERT",
      "password": "$TESSKPERT_PASSWORD"
    }
]