{
  "0": {
    "base_features": [
      "Baskets",
      "BasketWeeks",
      "Discount",
      "MaximumPrice",
      "MinimumPrice",
      "MaximumNetPrice",
      "MinimumNetPrice",
      "Quantity",
      "QuantityPrefStore1",
      "QuantityPrefStore2",
      "QuantityPrefStore3",
      "QuantityFulfillmentStore",
      "GrossSpend",
      "NetSpend",
      "MaxPurchaseDate",
      "MinPurchaseDate",
      "RecencyWeightedBasketWeeks75",
      "RecencyWeightedBasketWeeks95"
    ],
    "cadence_attribute": "fis_week_id",
    "derived_features": [
      "BasketsFlag",
      "DiscountPerBasket",
      "DiscountPercent",
      "AveragePrice",
      "QuantityPerBasket",
      "NetSpendPerBasket",
      "AveragePurchaseCycle",
      "RecencyDays",
      "CyclesSinceLastPurchase"
    ],
    "dimension_attribute_grain": {
      "ChannelAttribute": "All",
      "CustomerAttribute": "All",
      "ProductAttribute": "All",
      "StoreAttribute": "All"
    },
    "distinct_features": [
      "DivisionCount",
      "DepartmentCount",
      "SectionCount",
      "GroupCount",
      "SubgroupCount",
      "ProductCount",
      "CustomerCount"
    ],
    "durations": [
      [
        1,
        1
      ],
      [
        1,
        4
      ],
      [
        1,
        8
      ],
      [
        1,
        13
      ],
      [
        1,
        26
      ],
      [
        1,
        52
      ]
    ],
    "is_active": true,
    "name": "All_All_All_All",
    "rsd": 0,
    "summary_on": true
  },
  "1": {
    "base_features": [
      "Baskets",
      "BasketWeeks",
      "Discount",
      "MaximumPrice",
      "MinimumPrice",
      "MaximumNetPrice",
      "MinimumNetPrice",
      "Quantity",
      "QuantityPrefStore1",
      "QuantityPrefStore2",
      "QuantityPrefStore3",
      "QuantityFulfillmentStore",
      "GrossSpend",
      "NetSpend",
      "MaxPurchaseDate",
      "MinPurchaseDate",
      "RecencyWeightedBasketWeeks75",
      "RecencyWeightedBasketWeeks95",
      "StandardDeviationNetSpendPerWeek"
    ],
    "cadence_attribute": "fis_week_id",
    "derived_features": [
      "BasketsFlag",
      "DiscountPerBasket",
      "DiscountPercent",
      "AveragePrice",
      "QuantityPerBasket",
      "NetSpendPerBasket",
      "AveragePurchaseCycle",
      "RecencyDays",
      "CyclesSinceLastPurchase"
    ],
    "dimension_attribute_grain": {
      "ChannelAttribute": "All",
      "CustomerAttribute": "Customer",
      "ProductAttribute": "All",
      "StoreAttribute": "All"
    },
    "dimension_attribute_null_filter": [
      "Customer"
    ],
    "distinct_features": [
      "DivisionCount",
      "DepartmentCount",
      "SectionCount",
      "GroupCount",
      "SubgroupCount",
      "ProductCount"
    ],
    "durations": [
      [
        1,
        1
      ],
      [
        1,
        4
      ],
      [
        1,
        8
      ],
      [
        1,
        13
      ],
      [
        1,
        26
      ],
      [
        1,
        52
      ]
    ],
    "is_active": true,
    "name": "All_Customer_All_All",
    "rsd": 0,
    "summary_on": true
  },
  "2": {
    "base_features": [
      "Baskets",
      "BasketWeeks",
      "Discount",
      "MaximumPrice",
      "MinimumPrice",
      "MaximumNetPrice",
      "MinimumNetPrice",
      "Quantity",
      "QuantityPrefStore1",
      "QuantityPrefStore2",
      "QuantityPrefStore3",
      "QuantityFulfillmentStore",
      "GrossSpend",
      "NetSpend",
      "MaxPurchaseDate",
      "MinPurchaseDate",
      "RecencyWeightedBasketWeeks75",
      "RecencyWeightedBasketWeeks95"
    ],
    "cadence_attribute": "fis_week_id",
    "derived_features": [
      "BasketsFlag",
      "DiscountPerBasket",
      "DiscountPercent",
      "AveragePrice",
      "QuantityPerBasket",
      "NetSpendPerBasket",
      "AveragePurchaseCycle",
      "RecencyDays",
      "CyclesSinceLastPurchase"
    ],
    "dimension_attribute_grain": {
      "ChannelAttribute": "All",
      "CustomerAttribute": "All",
      "ProductAttribute": "Product",
      "StoreAttribute": "All"
    },
    "dimension_attribute_null_filter": [
      "Product"
    ],
    "distinct_features": [
      "CustomerCount"
    ],
    "durations": [
      [
        1,
        1
      ],
      [
        1,
        4
      ],
      [
        1,
        8
      ],
      [
        1,
        13
      ],
      [
        1,
        26
      ],
      [
        1,
        52
      ]
    ],
    "is_active": true,
    "name": "Product_All_All_All",
    "rsd": 0,
    "summary_on": true
  },
  "3": {
    "additional_dimension_attribute": [
      {
        "attribute": [
          "Division",
          "Department",
          "Section",
          "Group",
          "PacSubgroup",
          "Subgroup"
        ],
        "dimension": "Product",
        "join_key": [
          "Product"
        ]
      }
    ],
    "base_features": [
      "Baskets",
      "BasketWeeks",
      "Discount",
      "MaximumPrice",
      "MinimumPrice",
      "MaximumNetPrice",
      "MinimumNetPrice",
      "Quantity",
      "QuantityPrefStore1",
      "QuantityPrefStore2",
      "QuantityPrefStore3",
      "QuantityFulfillmentStore",
      "GrossSpend",
      "NetSpend",
      "MaxPurchaseDate",
      "MinPurchaseDate",
      "RecencyWeightedBasketWeeks75",
      "RecencyWeightedBasketWeeks95",
      "StandardDeviationNetSpendPerWeek"
    ],
    "cadence_attribute": "fis_week_id",
    "derived_features": [
      "BasketsFlag",
      "DiscountPerBasket",
      "DiscountPercent",
      "AveragePrice",
      "QuantityPerBasket",
      "NetSpendPerBasket",
      "AveragePurchaseCycle",
      "RecencyDays",
      "CyclesSinceLastPurchase"
    ],
    "dimension_attribute_grain": {
      "ChannelAttribute": "All",
      "CustomerAttribute": "Customer",
      "ProductAttribute": "Product",
      "StoreAttribute": "All"
    },
    "dimension_attribute_null_filter": [
      "Product",
      "Customer"
    ],
    "distinct_features": [],
    "durations": [
      [
        1,
        1
      ],
      [
        1,
        4
      ],
      [
        1,
        8
      ],
      [
        1,
        13
      ],
      [
        1,
        26
      ],
      [
        1,
        52
      ]
    ],
    "is_active": true,
    "name": "Product_Customer_All_All",
    "rsd": 0,
    "summary_on": true
  },
  "4": {
    "additional_dimension_attribute": [
      {
        "attribute": [
          "Section"
        ],
        "dimension": "Product",
        "join_key": [
          "Group"
        ]
      }
    ],
    "base_features": [
      "Baskets",
      "BasketWeeks",
      "Discount",
      "MaximumPrice",
      "MinimumPrice",
      "MaximumNetPrice",
      "MinimumNetPrice",
      "Quantity",
      "QuantityPrefStore1",
      "QuantityPrefStore2",
      "QuantityPrefStore3",
      "QuantityFulfillmentStore",
      "GrossSpend",
      "NetSpend",
      "MaxPurchaseDate",
      "MinPurchaseDate",
      "RecencyWeightedBasketWeeks75",
      "RecencyWeightedBasketWeeks95",
      "StandardDeviationNetSpendPerWeek"
    ],
    "cadence_attribute": "fis_week_id",
    "derived_features": [
      "BasketsFlag",
      "DiscountPerBasket",
      "DiscountPercent",
      "AveragePrice",
      "QuantityPerBasket",
      "NetSpendPerBasket",
      "AveragePurchaseCycle",
      "RecencyDays",
      "CyclesSinceLastPurchase"
    ],
    "dimension_attribute_grain": {
      "ChannelAttribute": "All",
      "CustomerAttribute": "Customer",
      "ProductAttribute": "Group",
      "StoreAttribute": "All"
    },
    "dimension_attribute_null_filter": [
      "Group",
      "Customer"
    ],
    "distinct_features": [
      "SubgroupCount",
      "ProductCount"
    ],
    "durations": [
      [
        1,
        1
      ],
      [
        1,
        4
      ],
      [
        1,
        8
      ],
      [
        1,
        13
      ],
      [
        1,
        26
      ],
      [
        1,
        52
      ]
    ],
    "is_active": true,
    "name": "Group_Customer_All_All",
    "rsd": 0,
    "summary_on": true
  },
  "5": {
    "base_features": [
      "Baskets",
      "BasketWeeks",
      "Discount",
      "MaximumPrice",
      "MinimumPrice",
      "MaximumNetPrice",
      "MinimumNetPrice",
      "Quantity",
      "QuantityPrefStore1",
      "QuantityPrefStore2",
      "QuantityPrefStore3",
      "QuantityFulfillmentStore",
      "GrossSpend",
      "NetSpend",
      "MaxPurchaseDate",
      "MinPurchaseDate",
      "RecencyWeightedBasketWeeks75",
      "RecencyWeightedBasketWeeks95"
    ],
    "cadence_attribute": "fis_week_id",
    "derived_features": [
      "BasketsFlag",
      "DiscountPerBasket",
      "DiscountPercent",
      "AveragePrice",
      "QuantityPerBasket",
      "NetSpendPerBasket",
      "AveragePurchaseCycle",
      "RecencyDays",
      "CyclesSinceLastPurchase"
    ],
    "dimension_attribute_grain": {
      "ChannelAttribute": "All",
      "CustomerAttribute": "All",
      "ProductAttribute": "Group",
      "StoreAttribute": "All"
    },
    "dimension_attribute_null_filter": [
      "Group"
    ],
    "distinct_features": [
      "SubgroupCount",
      "ProductCount",
      "CustomerCount"
    ],
    "durations": [
      [
        1,
        1
      ],
      [
        1,
        4
      ],
      [
        1,
        8
      ],
      [
        1,
        13
      ],
      [
        1,
        26
      ],
      [
        1,
        52
      ]
    ],
    "is_active": true,
    "name": "Group_All_All_All",
    "rsd": 0,
    "summary_on": true
  },
  "6": {
    "base_features": [
      "Baskets",
      "BasketWeeks",
      "Discount",
      "MaximumPrice",
      "MinimumPrice",
      "MaximumNetPrice",
      "MinimumNetPrice",
      "Quantity",
      "QuantityPrefStore1",
      "QuantityPrefStore2",
      "QuantityPrefStore3",
      "QuantityFulfillmentStore",
      "GrossSpend",
      "NetSpend",
      "MaxPurchaseDate",
      "MinPurchaseDate",
      "RecencyWeightedBasketWeeks75",
      "RecencyWeightedBasketWeeks95"
    ],
    "cadence_attribute": "fis_week_id",
    "derived_features": [
      "BasketsFlag",
      "DiscountPerBasket",
      "DiscountPercent",
      "AveragePrice",
      "QuantityPerBasket",
      "NetSpendPerBasket",
      "AveragePurchaseCycle",
      "RecencyDays",
      "CyclesSinceLastPurchase"
    ],
    "dimension_attribute_grain": {
      "ChannelAttribute": "All",
      "CustomerAttribute": "Customer",
      "ProductAttribute": "Department",
      "StoreAttribute": "All"
    },
    "dimension_attribute_null_filter": [
      "Department",
      "Customer"
    ],
    "distinct_features": [
      "SectionCount",
      "GroupCount",
      "SubgroupCount",
      "ProductCount"
    ],
    "durations": [
      [
        1,
        1
      ],
      [
        1,
        4
      ],
      [
        1,
        8
      ],
      [
        1,
        13
      ],
      [
        1,
        26
      ],
      [
        1,
        52
      ]
    ],
    "is_active": true,
    "name": "Department_Customer_All_All",
    "rsd": 0,
    "summary_on": true
  },
  "7": {
    "base_features": [
      "Baskets",
      "BasketWeeks",
      "Discount",
      "MaximumPrice",
      "MinimumPrice",
      "MaximumNetPrice",
      "MinimumNetPrice",
      "Quantity",
      "QuantityPrefStore1",
      "QuantityPrefStore2",
      "QuantityPrefStore3",
      "QuantityFulfillmentStore",
      "GrossSpend",
      "NetSpend",
      "MaxPurchaseDate",
      "MinPurchaseDate",
      "RecencyWeightedBasketWeeks75",
      "RecencyWeightedBasketWeeks95"
    ],
    "cadence_attribute": "fis_week_id",
    "derived_features": [
      "BasketsFlag",
      "DiscountPerBasket",
      "DiscountPercent",
      "AveragePrice",
      "QuantityPerBasket",
      "NetSpendPerBasket",
      "AveragePurchaseCycle",
      "RecencyDays",
      "CyclesSinceLastPurchase"
    ],
    "dimension_attribute_grain": {
      "ChannelAttribute": "All",
      "CustomerAttribute": "All",
      "ProductAttribute": "Department",
      "StoreAttribute": "All"
    },
    "dimension_attribute_null_filter": [
      "Department"
    ],
    "distinct_features": [
      "SectionCount",
      "GroupCount",
      "SubgroupCount",
      "ProductCount",
      "CustomerCount"
    ],
    "durations": [
      [
        1,
        1
      ],
      [
        1,
        4
      ],
      [
        1,
        8
      ],
      [
        1,
        13
      ],
      [
        1,
        26
      ],
      [
        1,
        52
      ]
    ],
    "is_active": true,
    "name": "Department_All_All_All",
    "rsd": 0,
    "summary_on": true
  },
  "8": {
    "base_features": [
      "Baskets",
      "BasketWeeks",
      "Discount",
      "MaximumPrice",
      "MinimumPrice",
      "MaximumNetPrice",
      "MinimumNetPrice",
      "Quantity",
      "QuantityPrefStore1",
      "QuantityPrefStore2",
      "QuantityPrefStore3",
      "QuantityFulfillmentStore",
      "GrossSpend",
      "NetSpend",
      "MaxPurchaseDate",
      "MinPurchaseDate",
      "RecencyWeightedBasketWeeks75",
      "RecencyWeightedBasketWeeks95"
    ],
    "cadence_attribute": "fis_week_id",
    "derived_features": [
      "BasketsFlag",
      "DiscountPerBasket",
      "DiscountPercent",
      "AveragePrice",
      "QuantityPerBasket",
      "NetSpendPerBasket",
      "AveragePurchaseCycle",
      "RecencyDays",
      "CyclesSinceLastPurchase"
    ],
    "dimension_attribute_grain": {
      "ChannelAttribute": "All",
      "CustomerAttribute": "Customer",
      "ProductAttribute": "Division",
      "StoreAttribute": "All"
    },
    "dimension_attribute_null_filter": [
      "Division",
      "Customer"
    ],
    "distinct_features": [
      "DepartmentCount",
      "SectionCount",
      "GroupCount",
      "SubgroupCount",
      "ProductCount"
    ],
    "durations": [
      [
        1,
        1
      ],
      [
        1,
        4
      ],
      [
        1,
        8
      ],
      [
        1,
        13
      ],
      [
        1,
        26
      ],
      [
        1,
        52
      ]
    ],
    "is_active": true,
    "name": "Division_Customer_All_All",
    "rsd": 0,
    "summary_on": true
  },
  "9": {
    "base_features": [
      "Baskets",
      "BasketWeeks",
      "Discount",
      "MaximumPrice",
      "MinimumPrice",
      "MaximumNetPrice",
      "MinimumNetPrice",
      "Quantity",
      "QuantityPrefStore1",
      "QuantityPrefStore2",
      "QuantityPrefStore3",
      "QuantityFulfillmentStore",
      "GrossSpend",
      "NetSpend",
      "MaxPurchaseDate",
      "MinPurchaseDate",
      "RecencyWeightedBasketWeeks75",
      "RecencyWeightedBasketWeeks95"
    ],
    "cadence_attribute": "fis_week_id",
    "derived_features": [
      "BasketsFlag",
      "DiscountPerBasket",
      "DiscountPercent",
      "AveragePrice",
      "QuantityPerBasket",
      "NetSpendPerBasket",
      "AveragePurchaseCycle",
      "RecencyDays",
      "CyclesSinceLastPurchase"
    ],
    "dimension_attribute_grain": {
      "ChannelAttribute": "All",
      "CustomerAttribute": "All",
      "ProductAttribute": "Division",
      "StoreAttribute": "All"
    },
    "dimension_attribute_null_filter": [
      "Division"
    ],
    "distinct_features": [
      "DepartmentCount",
      "SectionCount",
      "GroupCount",
      "SubgroupCount",
      "ProductCount",
      "CustomerCount"
    ],
    "durations": [
      [
        1,
        1
      ],
      [
        1,
        4
      ],
      [
        1,
        8
      ],
      [
        1,
        13
      ],
      [
        1,
        26
      ],
      [
        1,
        52
      ]
    ],
    "is_active": true,
    "name": "Division_All_All_All",
    "rsd": 0,
    "summary_on": true
  },
  "10": {
    "base_features": [
      "Baskets",
      "BasketWeeks",
      "Discount",
      "MaximumPrice",
      "MinimumPrice",
      "MaximumNetPrice",
      "MinimumNetPrice",
      "Quantity",
      "QuantityPrefStore1",
      "QuantityPrefStore2",
      "QuantityPrefStore3",
      "QuantityFulfillmentStore",
      "GrossSpend",
      "NetSpend",
      "MaxPurchaseDate",
      "MinPurchaseDate",
      "RecencyWeightedBasketWeeks75",
      "RecencyWeightedBasketWeeks95"
    ],
    "cadence_attribute": "fis_week_id",
    "derived_features": [
      "BasketsFlag",
      "DiscountPerBasket",
      "DiscountPercent",
      "AveragePrice",
      "QuantityPerBasket",
      "NetSpendPerBasket",
      "AveragePurchaseCycle",
      "RecencyDays",
      "CyclesSinceLastPurchase"
    ],
    "dimension_attribute_grain": {
      "ChannelAttribute": "All",
      "CustomerAttribute": "All",
      "ProductAttribute": "Subgroup",
      "StoreAttribute": "All"
    },
    "dimension_attribute_null_filter": [
      "Subgroup"
    ],
    "distinct_features": [
      "ProductCount",
      "CustomerCount"
    ],
    "durations": [
      [
        1,
        1
      ],
      [
        1,
        4
      ],
      [
        1,
        8
      ],
      [
        1,
        13
      ],
      [
        1,
        26
      ],
      [
        1,
        52
      ]
    ],
    "is_active": true,
    "name": "Subgroup_All_All_All",
    "rsd": 0,
    "summary_on": true
  },
  "11": {
    "additional_dimension_attribute": [
      {
        "attribute": [
          "Group"
        ],
        "dimension": "Product",
        "join_key": [
          "Subgroup"
        ]
      }
    ],
    "base_features": [
      "Baskets",
      "BasketWeeks",
      "Discount",
      "MaximumPrice",
      "MinimumPrice",
      "MaximumNetPrice",
      "MinimumNetPrice",
      "Quantity",
      "QuantityPrefStore1",
      "QuantityPrefStore2",
      "QuantityPrefStore3",
      "QuantityFulfillmentStore",
      "GrossSpend",
      "NetSpend",
      "MaxPurchaseDate",
      "MinPurchaseDate",
      "RecencyWeightedBasketWeeks75",
      "RecencyWeightedBasketWeeks95",
      "StandardDeviationNetSpendPerWeek"
    ],
    "cadence_attribute": "fis_week_id",
    "derived_features": [
      "BasketsFlag",
      "DiscountPerBasket",
      "DiscountPercent",
      "AveragePrice",
      "QuantityPerBasket",
      "NetSpendPerBasket",
      "AveragePurchaseCycle",
      "RecencyDays",
      "CyclesSinceLastPurchase"
    ],
    "dimension_attribute_grain": {
      "ChannelAttribute": "All",
      "CustomerAttribute": "Customer",
      "ProductAttribute": "Subgroup",
      "StoreAttribute": "All"
    },
    "dimension_attribute_null_filter": [
      "Subgroup",
      "Customer"
    ],
    "distinct_features": [
      "ProductCount"
    ],
    "durations": [
      [
        1,
        1
      ],
      [
        1,
        4
      ],
      [
        1,
        8
      ],
      [
        1,
        13
      ],
      [
        1,
        26
      ],
      [
        1,
        52
      ]
    ],
    "is_active": true,
    "name": "Subgroup_Customer_All_All",
    "rsd": 0,
    "summary_on": true
  },
  "12": {
    "base_features": [
      "Baskets",
      "BasketWeeks",
      "Discount",
      "MaximumPrice",
      "MinimumPrice",
      "MaximumNetPrice",
      "MinimumNetPrice",
      "Quantity",
      "QuantityPrefStore1",
      "QuantityPrefStore2",
      "QuantityPrefStore3",
      "QuantityFulfillmentStore",
      "GrossSpend",
      "NetSpend",
      "MaxPurchaseDate",
      "MinPurchaseDate",
      "RecencyWeightedBasketWeeks75",
      "RecencyWeightedBasketWeeks95"
    ],
    "cadence_attribute": "fis_week_id",
    "derived_features": [
      "BasketsFlag",
      "DiscountPerBasket",
      "DiscountPercent",
      "AveragePrice",
      "QuantityPerBasket",
      "NetSpendPerBasket",
      "AveragePurchaseCycle",
      "RecencyDays",
      "CyclesSinceLastPurchase"
    ],
    "dimension_attribute_grain": {
      "ChannelAttribute": "All",
      "CustomerAttribute": "All",
      "ProductAttribute": "Section",
      "StoreAttribute": "All"
    },
    "dimension_attribute_null_filter": [
      "Section"
    ],
    "distinct_features": [
      "GroupCount",
      "SubgroupCount",
      "ProductCount",
      "CustomerCount"
    ],
    "durations": [
      [
        1,
        1
      ],
      [
        1,
        4
      ],
      [
        1,
        8
      ],
      [
        1,
        13
      ],
      [
        1,
        26
      ],
      [
        1,
        52
      ]
    ],
    "is_active": true,
    "name": "Section_All_All_All",
    "rsd": 0,
    "summary_on": true
  },
  "13": {
    "base_features": [
      "Baskets",
      "BasketWeeks",
      "Discount",
      "MaximumPrice",
      "MinimumPrice",
      "MaximumNetPrice",
      "MinimumNetPrice",
      "Quantity",
      "QuantityPrefStore1",
      "QuantityPrefStore2",
      "QuantityPrefStore3",
      "QuantityFulfillmentStore",
      "GrossSpend",
      "NetSpend",
      "MaxPurchaseDate",
      "MinPurchaseDate",
      "RecencyWeightedBasketWeeks75",
      "RecencyWeightedBasketWeeks95"
    ],
    "cadence_attribute": "fis_week_id",
    "derived_features": [
      "BasketsFlag",
      "DiscountPerBasket",
      "DiscountPercent",
      "AveragePrice",
      "QuantityPerBasket",
      "NetSpendPerBasket",
      "AveragePurchaseCycle",
      "RecencyDays",
      "CyclesSinceLastPurchase"
    ],
    "dimension_attribute_grain": {
      "ChannelAttribute": "All",
      "CustomerAttribute": "Customer",
      "ProductAttribute": "Section",
      "StoreAttribute": "All"
    },
    "dimension_attribute_null_filter": [
      "Section",
      "Customer"
    ],
    "distinct_features": [
      "GroupCount",
      "SubgroupCount",
      "ProductCount"
    ],
    "durations": [
      [
        1,
        1
      ],
      [
        1,
        4
      ],
      [
        1,
        8
      ],
      [
        1,
        13
      ],
      [
        1,
        26
      ],
      [
        1,
        52
      ]
    ],
    "is_active": true,
    "name": "Section_Customer_All_All",
    "rsd": 0,
    "summary_on": true
  },
  "14": {
    "base_features": [
      "Baskets",
      "BasketWeeks",
      "Discount",
      "MaximumPrice",
      "MinimumPrice",
      "MaximumNetPrice",
      "MinimumNetPrice",
      "Quantity",
      "QuantityPrefStore1",
      "QuantityPrefStore2",
      "QuantityPrefStore3",
      "QuantityFulfillmentStore",
      "GrossSpend",
      "NetSpend",
      "MaxPurchaseDate",
      "MinPurchaseDate",
      "RecencyWeightedBasketWeeks75",
      "RecencyWeightedBasketWeeks95"
    ],
    "cadence_attribute": "fis_week_id",
    "derived_features": [
      "BasketsFlag",
      "DiscountPerBasket",
      "DiscountPercent",
      "AveragePrice",
      "QuantityPerBasket",
      "NetSpendPerBasket",
      "AveragePurchaseCycle",
      "RecencyDays",
      "CyclesSinceLastPurchase"
    ],
    "dimension_attribute_grain": {
      "ChannelAttribute": "All",
      "CustomerAttribute": "Customer",
      "ProductAttribute": "PacSubgroup",
      "StoreAttribute": "All"
    },
    "dimension_attribute_null_filter": [
      "PacSubgroup",
      "Customer"
    ],
    "distinct_features": [
      "SubgroupCount",
      "ProductCount"
    ],
    "durations": [
      [
        1,
        1
      ],
      [
        1,
        4
      ],
      [
        1,
        8
      ],
      [
        1,
        13
      ],
      [
        1,
        26
      ],
      [
        1,
        52
      ]
    ],
    "is_active": true,
    "name": "PacSubgroup_Customer_All_All",
    "rsd": 0,
    "summary_on": true
  },
  "15": {
    "base_features": [
      "Baskets",
      "BasketWeeks",
      "Discount",
      "MaximumPrice",
      "MinimumPrice",
      "MaximumNetPrice",
      "MinimumNetPrice",
      "Quantity",
      "QuantityPrefStore1",
      "QuantityPrefStore2",
      "QuantityPrefStore3",
      "QuantityFulfillmentStore",
      "GrossSpend",
      "NetSpend",
      "MaxPurchaseDate",
      "MinPurchaseDate",
      "RecencyWeightedBasketWeeks75",
      "RecencyWeightedBasketWeeks95"
    ],
    "cadence_attribute": "fis_week_id",
    "derived_features": [
      "BasketsFlag",
      "DiscountPerBasket",
      "DiscountPercent",
      "AveragePrice",
      "QuantityPerBasket",
      "NetSpendPerBasket",
      "AveragePurchaseCycle",
      "RecencyDays",
      "CyclesSinceLastPurchase"
    ],
    "dimension_attribute_grain": {
      "ChannelAttribute": "All",
      "CustomerAttribute": "All",
      "ProductAttribute": "PacSubgroup",
      "StoreAttribute": "All"
    },
    "dimension_attribute_null_filter": [
      "PacSubgroup"
    ],
    "distinct_features": [
      "SubgroupCount",
      "ProductCount",
      "CustomerCount"
    ],
    "durations": [
      [
        1,
        1
      ],
      [
        1,
        4
      ],
      [
        1,
        8
      ],
      [
        1,
        13
      ],
      [
        1,
        26
      ],
      [
        1,
        52
      ]
    ],
    "is_active": true,
    "name": "PacSubgroup_All_All_All",
    "rsd": 0,
    "summary_on": true
  },
  "16": {
    "base_features": [
      "Baskets",
      "BasketWeeks",
      "Discount",
      "MaximumPrice",
      "MinimumPrice",
      "MaximumNetPrice",
      "MinimumNetPrice",
      "Quantity",
      "QuantityPrefStore1",
      "QuantityPrefStore2",
      "QuantityPrefStore3",
      "QuantityFulfillmentStore",
      "GrossSpend",
      "NetSpend",
      "MaxPurchaseDate",
      "MinPurchaseDate",
      "RecencyWeightedBasketWeeks75",
      "RecencyWeightedBasketWeeks95"
    ],
    "cadence_attribute": "fis_week_id",
    "derived_features": [
      "BasketsFlag",
      "DiscountPerBasket",
      "DiscountPercent",
      "AveragePrice",
      "QuantityPerBasket",
      "NetSpendPerBasket",
      "AveragePurchaseCycle",
      "RecencyDays",
      "CyclesSinceLastPurchase"
    ],
    "dimension_attribute_grain": {
      "ChannelAttribute": "All",
      "CustomerAttribute": "Customer",
      "ProductAttribute": "Product",
      "StoreAttribute": "Banner"
    },
    "dimension_attribute_null_filter": [
      "Product",
      "Banner",
      "Customer"
    ],
    "durations": [
      [
        1,
        1
      ],
      [
        1,
        4
      ],
      [
        1,
        8
      ],
      [
        1,
        13
      ],
      [
        1,
        26
      ],
      [
        1,
        52
      ]
    ],
    "is_active": true,
    "name": "Product_Customer_Banner_All",
    "rsd": 0,
    "summary_on": true
  },
  "17": {
    "base_features": [
      "Baskets",
      "BasketWeeks",
      "Discount",
      "MaximumPrice",
      "MinimumPrice",
      "MaximumNetPrice",
      "MinimumNetPrice",
      "Quantity",
      "QuantityPrefStore1",
      "QuantityPrefStore2",
      "QuantityPrefStore3",
      "QuantityFulfillmentStore",
      "GrossSpend",
      "NetSpend",
      "MaxPurchaseDate",
      "MinPurchaseDate",
      "RecencyWeightedBasketWeeks75",
      "RecencyWeightedBasketWeeks95"
    ],
    "cadence_attribute": "fis_week_id",
    "derived_features": [
      "BasketsFlag",
      "DiscountPerBasket",
      "DiscountPercent",
      "AveragePrice",
      "QuantityPerBasket",
      "NetSpendPerBasket",
      "AveragePurchaseCycle",
      "RecencyDays",
      "CyclesSinceLastPurchase"
    ],
    "dimension_attribute_grain": {
      "ChannelAttribute": "All",
      "CustomerAttribute": "Customer",
      "ProductAttribute": "Group",
      "StoreAttribute": "Banner"
    },
    "dimension_attribute_null_filter": [
      "Group",
      "Banner",
      "Customer"
    ],
    "durations": [
      [
        1,
        1
      ],
      [
        1,
        4
      ],
      [
        1,
        8
      ],
      [
        1,
        13
      ],
      [
        1,
        26
      ],
      [
        1,
        52
      ]
    ],
    "is_active": true,
    "name": "Group_Customer_Banner_All",
    "rsd": 0,
    "summary_on": true
  },
  "18": {
    "base_features": [
      "Baskets",
      "BasketWeeks",
      "Discount",
      "MaximumPrice",
      "MinimumPrice",
      "MaximumNetPrice",
      "MinimumNetPrice",
      "Quantity",
      "QuantityPrefStore1",
      "QuantityPrefStore2",
      "QuantityPrefStore3",
      "QuantityFulfillmentStore",
      "GrossSpend",
      "NetSpend",
      "MaxPurchaseDate",
      "MinPurchaseDate",
      "RecencyWeightedBasketWeeks75",
      "RecencyWeightedBasketWeeks95"
    ],
    "cadence_attribute": "fis_week_id",
    "derived_features": [
      "BasketsFlag",
      "DiscountPerBasket",
      "DiscountPercent",
      "AveragePrice",
      "QuantityPerBasket",
      "NetSpendPerBasket",
      "AveragePurchaseCycle",
      "RecencyDays",
      "CyclesSinceLastPurchase"
    ],
    "dimension_attribute_grain": {
      "ChannelAttribute": "All",
      "CustomerAttribute": "Customer",
      "ProductAttribute": "Subgroup",
      "StoreAttribute": "Banner"
    },
    "dimension_attribute_null_filter": [
      "Subgroup",
      "Banner",
      "Customer"
    ],
    "durations": [
      [
        1,
        1
      ],
      [
        1,
        4
      ],
      [
        1,
        8
      ],
      [
        1,
        13
      ],
      [
        1,
        26
      ],
      [
        1,
        52
      ]
    ],
    "is_active": true,
    "name": "Subgroup_Customer_Banner_All",
    "rsd": 0,
    "summary_on": true
  },
  "19": {
    "base_features": [
      "Baskets",
      "BasketWeeks",
      "Discount",
      "MaximumPrice",
      "MinimumPrice",
      "MaximumNetPrice",
      "MinimumNetPrice",
      "Quantity",
      "QuantityPrefStore1",
      "QuantityPrefStore2",
      "QuantityPrefStore3",
      "QuantityFulfillmentStore",
      "GrossSpend",
      "NetSpend",
      "MaxPurchaseDate",
      "MinPurchaseDate",
      "RecencyWeightedBasketWeeks75",
      "RecencyWeightedBasketWeeks95"
    ],
    "cadence_attribute": "fis_week_id",
    "derived_features": [
      "BasketsFlag",
      "DiscountPerBasket",
      "DiscountPercent",
      "AveragePrice",
      "QuantityPerBasket",
      "NetSpendPerBasket",
      "AveragePurchaseCycle",
      "RecencyDays",
      "CyclesSinceLastPurchase"
    ],
    "dimension_attribute_grain": {
      "ChannelAttribute": "All",
      "CustomerAttribute": "Customer",
      "ProductAttribute": "All",
      "StoreAttribute": "Banner"
    },
    "dimension_attribute_null_filter": [
      "Banner",
      "Customer"
    ],
    "durations": [
      [
        1,
        1
      ],
      [
        1,
        4
      ],
      [
        1,
        8
      ],
      [
        1,
        13
      ],
      [
        1,
        26
      ],
      [
        1,
        52
      ]
    ],
    "is_active": true,
    "name": "All_Customer_Banner_All",
    "rsd": 0,
    "summary_on": true
  },
  "20": {
    "base_features": [
      "Baskets",
      "BasketWeeks",
      "Discount",
      "MaximumPrice",
      "MinimumPrice",
      "MaximumNetPrice",
      "MinimumNetPrice",
      "Quantity",
      "QuantityPrefStore1",
      "QuantityPrefStore2",
      "QuantityPrefStore3",
      "QuantityFulfillmentStore",
      "GrossSpend",
      "NetSpend",
      "MaxPurchaseDate",
      "MinPurchaseDate",
      "RecencyWeightedBasketWeeks75",
      "RecencyWeightedBasketWeeks95"
    ],
    "cadence_attribute": "fis_week_id",
    "derived_features": [
      "BasketsFlag",
      "DiscountPerBasket",
      "DiscountPercent",
      "AveragePrice",
      "QuantityPerBasket",
      "NetSpendPerBasket",
      "AveragePurchaseCycle",
      "RecencyDays",
      "CyclesSinceLastPurchase"
    ],
    "dimension_attribute_grain": {
      "ChannelAttribute": "All",
      "CustomerAttribute": "All",
      "ProductAttribute": "Product",
      "StoreAttribute": "Banner"
    },
    "dimension_attribute_null_filter": [
      "Product",
      "Banner"
    ],
    "durations": [
      [
        1,
        1
      ],
      [
        1,
        4
      ],
      [
        1,
        8
      ],
      [
        1,
        13
      ],
      [
        1,
        26
      ],
      [
        1,
        52
      ]
    ],
    "is_active": true,
    "name": "Product_All_Banner_All",
    "rsd": 0,
    "summary_on": true
  },
  "21": {
    "base_features": [
      "Baskets",
      "BasketWeeks",
      "Discount",
      "MaximumPrice",
      "MinimumPrice",
      "MaximumNetPrice",
      "MinimumNetPrice",
      "Quantity",
      "QuantityPrefStore1",
      "QuantityPrefStore2",
      "QuantityPrefStore3",
      "QuantityFulfillmentStore",
      "GrossSpend",
      "NetSpend",
      "MaxPurchaseDate",
      "MinPurchaseDate",
      "RecencyWeightedBasketWeeks75",
      "RecencyWeightedBasketWeeks95"
    ],
    "cadence_attribute": "fis_week_id",
    "derived_features": [
      "BasketsFlag",
      "DiscountPerBasket",
      "DiscountPercent",
      "AveragePrice",
      "QuantityPerBasket",
      "NetSpendPerBasket",
      "AveragePurchaseCycle",
      "RecencyDays",
      "CyclesSinceLastPurchase"
    ],
    "dimension_attribute_grain": {
      "ChannelAttribute": "All",
      "CustomerAttribute": "All",
      "ProductAttribute": "Product",
      "StoreAttribute": "Store"
    },
    "dimension_attribute_null_filter": [
      "Product",
      "Store"
    ],
    "durations": [
      [
        1,
        1
      ],
      [
        1,
        4
      ],
      [
        1,
        8
      ],
      [
        1,
        13
      ],
      [
        1,
        26
      ],
      [
        1,
        52
      ]
    ],
    "is_active": true,
    "name": "Product_All_Store_All",
    "rsd": 0,
    "summary_on": true
  }
}