{
  "client_name": "shoprite",
  "ClientShortName": "sza",
  "EnvironmentIdentifier": "prod",
  "serverNode": "gb-wat-svv-0572",
  "serverUser": "SHOZAPERP",
  "oracleDbUser": "exa_shrperp",
  "oracleDbAlias": "EXA_GBSHRPRDD_DM",
  "fsLev": "Lev1",
  "enginePath": "/shoprite/Lev1/sse/engine",
  "HdfsRootPath": "/shoprite/Lev1",
  "HiveServerNodeName": "gbwatbd1r01s05",
  "HivePortNumber": "10000",
  "HiveTableFileFormat": "parquet",
  "SSEHiveDatabasePrefix": "sza",
  "SSERequestPool": "root.sse",
  "SqoopOracleTableAndColumnMetadata2": {
    "sqoop": {
      "oracle": {
        "tables": {
          "date_dim": {
            "mappers": "18",
            "target-dir": "/shoprite/Lev1/sse/raw_data/date_dim",
            "source_table": "WAREHOUSE.DATE_DIM",
            "partition": "\"\"",
            "split-by": "CAL_DAY_OF_WEEK_NUM",
            "unique_column": "DATE_ID",
            "columns": [
              {
                "DATE_ID": "string"
              },
              {
                "DATE_NAME": "string"
              },
              {
                "DATE_SHORT_NAME": "string"
              },
              {
                "DAY_OF_WEEK_NAME": "string"
              },
              {
                "DAY_OF_WEEK_SHORT_NAME": "string"
              },
              {
                "WEEKEND_FLAG": "string"
              },
              {
                "HOLIDAY_FLAG": "string"
              },
              {
                "HOLIDAY_NAME": "string"
              },
              {
                "CAL_DAY_OF_WEEK_NUM": "bigint"
              },
              {
                "CAL_DAY_OF_MONTH_NUM": "bigint"
              },
              {
                "CAL_DAY_OF_QUARTER_NUM": "bigint"
              },
              {
                "CAL_DAY_OF_YEAR_NUM": "bigint"
              },
              {
                "CAL_DAY_OF_EPOCH_NUM": "bigint"
              },
              {
                "CAL_WEEK_ID": "bigint"
              },
              {
                "CAL_WEEK_NAME": "string"
              },
              {
                "CAL_WEEK_SHORT_NAME": "string"
              },
              {
                "CAL_WEEK_OF_EPOCH_NUM": "bigint"
              },
              {
                "CAL_WEEK_START_DATE": "string"
              },
              {
                "CAL_WEEK_END_DATE": "string"
              },
              {
                "CAL_MONTH_ID": "bigint"
              },
              {
                "CAL_MONTH_NAME": "string"
              },
              {
                "CAL_MONTH_SHORT_NAME": "string"
              },
              {
                "CAL_MONTH_OF_YEAR_NAME": "string"
              },
              {
                "CAL_MONTH_OF_YEAR_SHORT_NAME": "string"
              },
              {
                "CAL_MONTH_OF_QUARTER_NUM": "bigint"
              },
              {
                "CAL_MONTH_OF_YEAR_NUM": "bigint"
              },
              {
                "CAL_MONTH_OF_EPOCH_NUM": "bigint"
              },
              {
                "CAL_MONTH_START_DATE": "string"
              },
              {
                "CAL_MONTH_END_DATE": "string"
              },
              {
                "CAL_QUARTER_ID": "bigint"
              },
              {
                "CAL_QUARTER_NAME": "string"
              },
              {
                "CAL_QUARTER_SHORT_NAME": "string"
              },
              {
                "CAL_QUARTER_OF_YEAR_NAME": "string"
              },
              {
                "CAL_QUARTER_OF_YEAR_SHORT_NAME": "string"
              },
              {
                "CAL_QUARTER_OF_YEAR_NUM": "bigint"
              },
              {
                "CAL_QUARTER_OF_EPOCH_NUM": "bigint"
              },
              {
                "CAL_QUARTER_START_DATE": "string"
              },
              {
                "CAL_QUARTER_END_DATE": "string"
              },
              {
                "CAL_YEAR_ID": "bigint"
              },
              {
                "CAL_YEAR_START_DATE": "string"
              },
              {
                "CAL_YEAR_END_DATE": "string"
              },
              {
                "FIS_DAY_OF_WEEK_NUM": "bigint"
              },
              {
                "FIS_DAY_OF_MONTH_NUM": "bigint"
              },
              {
                "FIS_DAY_OF_QUARTER_NUM": "bigint"
              },
              {
                "FIS_DAY_OF_YEAR_NUM": "bigint"
              },
              {
                "FIS_DAY_OF_EPOCH_NUM": "bigint"
              },
              {
                "FIS_WEEK_ID": "bigint"
              },
              {
                "FIS_WEEK_NAME": "string"
              },
              {
                "FIS_WEEK_SHORT_NAME": "string"
              },
              {
                "FIS_WEEK_OF_MONTH_NUM": "bigint"
              },
              {
                "FIS_WEEK_OF_QUARTER_NUM": "bigint"
              },
              {
                "FIS_WEEK_OF_YEAR_NUM": "bigint"
              },
              {
                "FIS_WEEK_OF_EPOCH_NUM": "bigint"
              },
              {
                "FIS_WEEK_START_DATE": "string"
              },
              {
                "FIS_WEEK_END_DATE": "string"
              },
              {
                "FIS_MONTH_ID": "bigint"
              },
              {
                "FIS_MONTH_NAME": "string"
              },
              {
                "FIS_MONTH_SHORT_NAME": "string"
              },
              {
                "FIS_MONTH_OF_YEAR_NAME": "string"
              },
              {
                "FIS_MONTH_OF_YEAR_SHORT_NAME": "string"
              },
              {
                "FIS_MONTH_OF_QUARTER_NUM": "bigint"
              },
              {
                "FIS_MONTH_OF_YEAR_NUM": "bigint"
              },
              {
                "FIS_MONTH_OF_EPOCH_NUM": "bigint"
              },
              {
                "FIS_MONTH_START_DATE": "string"
              },
              {
                "FIS_MONTH_END_DATE": "string"
              },
              {
                "FIS_QUARTER_ID": "bigint"
              },
              {
                "FIS_QUARTER_NAME": "string"
              },
              {
                "FIS_QUARTER_SHORT_NAME": "string"
              },
              {
                "FIS_QUARTER_OF_YEAR_NAME": "string"
              },
              {
                "FIS_QUARTER_OF_YEAR_SHORT_NAME": "string"
              },
              {
                "FIS_QUARTER_OF_YEAR_NUM": "bigint"
              },
              {
                "FIS_QUARTER_OF_EPOCH_NUM": "bigint"
              },
              {
                "FIS_QUARTER_START_DATE": "string"
              },
              {
                "FIS_QUARTER_END_DATE": "string"
              },
              {
                "FIS_YEAR_ID": "bigint"
              },
              {
                "FIS_YEAR_START_DATE": "string"
              },
              {
                "FIS_YEAR_END_DATE": "string"
              },
              {
                "CREATED_DTTM": "string"
              },
              {
                "MODIFIED_DTTM": "string"
              },
              {
                "ALT_FIS_MONTH_ID": "bigint"
              },
              {
                "ALT_FIS_QUARTER_ID": "bigint"
              },
              {
                "FIS_WEEKS_IN_MONTH_NUM": "bigint"
              },
              {
                "FIS_WEEKS_IN_YEAR_NUM": "bigint"
              },
              {
                "FIS_SEASON_CODE": "bigint"
              },
              {
                "FIS_SEASON_DESC": "bigint"
              },
              {
                "LOAD_ID": "bigint"
              },
              {
                "HOLIDAY_TYPE_CODE": "bigint"
              }
            ]
          },
          "transaction_item_fct": {
            "mappers": "18",
            "partition": "\"\"",
            "source_table": "WAREHOUSE.TRANSACTION_ITEM_FCT",
            "target-dir": "/shoprite/Lev1/sse/raw_data/transaction_item_fct",
            "split-by": "BASKET_SAMPLE_SEED_NUM",
            "unique_column": "TRANSACTION_ITEM_FID",
            "columns": [
              {
                "TRANSACTION_ITEM_FID": "Bigint"
              },
              {
                "TRANSACTION_FID": "DECIMAL(38,0)"
              },
              {
                "PROD_ID": "Bigint"
              },
              {
                "STORE_ID": "Bigint"
              },
              {
                "CARD_ID": "Bigint"
              },
              {
                "DATE_ID": "String"
              },
              {
                "TIME_ID": "Bigint"
              },
              {
                "CURRENCY_ID": "Bigint"
              },
              {
                "TRANSACTION_DTTM": "String"
              },
              {
                "LOAD_ID": "Bigint"
              },
              {
                "CREATED_DTTM": "String"
              },
              {
                "MODIFIED_DTTM": "String"
              },
              {
                "LOYALTY_CARD_FLAG": "char(1)"
              },
              {
                "BASKET_SAMPLE_SEED_NUM": "Bigint"
              },
              {
                "ITEM_QTY": "DECIMAL(24,2)"
              },
              {
                "WEIGHT_UOM_QTY": "DECIMAL(24,2)"
              },
              {
                "NET_SPEND_AMT": "DECIMAL(38,2)"
              },
              {
                "SPEND_AMT": "DECIMAL(38,2)"
              },
              {
                "CHANNEL_ID": "Bigint"
              },
              {
                "UNIT_QTY": "DECIMAL(24,2)"
              },
              {
                "ITEM_PURCHASE_QTY": "DECIMAL(24,2)"
              },
              {
                "ITEM_RETURN_QTY": "DECIMAL(24,2)"
              },
              {
                "PURCHASE_AMT": "DECIMAL(24,2)"
              },
              {
                "RETURN_AMT": "DECIMAL(24,2)"
              },
              {
                "TRANSACTION_ITEM_TYPE_CODE": "String"
              },
              {
                "SOLD_BY_WEIGHT_FLAG": "char(1)"
              },
              {
                "AVG_EXCHANGE_RATE_NUM": "Bigint"
              },
              {
                "CENTRAL_CARD_ID": "Bigint"
              }
            ]
          },
          "seg_value_dim_c": {
            "mappers": "18",
            "partition": "",
            "source_table": "WAREHOUSE.SEG_VALUE_DIM_C",
            "target-dir": "/shoprite/Lev1/sse/raw_data/seg_value_dim_c",
            "split-by": "SEG_VALUE_CODE",
            "unique_column": "SEG_VALUE_CODE",
            "columns": [
              {
                "SEG_VALUE_ID": "bigint"
              },
              {
                "CREATED_DTTM": "string"
              },
              {
                "MODIFIED_DTTM": "string"
              },
              {
                "SEG_VALUE_CODE": "string"
              },
              {
                "SEG_VALUE_NAME": "string"
              },
              {
                "SEG_SORT_ORDER_NUM": "bigint"
              },
              {
                "SEG_SUBJECT_ID": "bigint"
              },
              {
                "SEG_SUBJECT_CODE": "string"
              },
              {
                "SEG_SUBJECT_NAME": "string"
              },
              {
                "SEG_TYPE_ID": "bigint"
              },
              {
                "SEG_TYPE_CODE": "string"
              },
              {
                "SEG_TYPE_NAME": "string"
              },
              {
                "SEG_TYPE_VALUE_CODE": "string"
              },
              {
                "SEG_GROUP_NAME": "string"
              },
              {
                "SEG_TYPE_ALT_NAME": "string"
              },
              {
                "SEG_VALUE_ALT_NAME": "string"
              }
            ]
          },
          "card_dim_c": {
            "mappers": "18",
            "partition": "",
            "source_table": "WAREHOUSE.CARD_DIM_C",
            "target-dir": "/shoprite/Lev1/sse/raw_data/card_dim_c",
            "split-by": "CARD_ID",
            "unique_column": "CARD_ID",
            "columns": [
              {
                "CARD_ID": "bigint"
              },
              {
                "DWH_CUSTOMER": "bigint"
              },
              {
                "ACTIVE_FLAG": "char(1)"
              },
              {
                "CARD_CODE": "string"
              },
              {
                "PRSN_ID": "bigint"
              },
              {
                "PRSN_CODE": "string"
              },
              {
                "LOAD_ID": "bigint"
              },
              {
                "CREATED_DTTM": "string"
              },
              {
                "MODIFIED_DTTM": "string"
              },
              {
                "CARD_ACTIVATION_DATE": "string"
              },
              {
                "CARD_ADDRESS_COUNTRY_CODE": "string"
              },
              {
                "PRSN_ACTIVATION_DATE": "string"
              },
              {
                "PRSN_ADDRESS_COUNTRY_CODE": "string"
              },
              {
                "PRSN_SAMPLE_SEED_NUM": "bigint"
              }
            ]
          },
          "channel_dim_c": {
            "mappers": "18",
            "partition": "",
            "source_table": "WAREHOUSE.CHANNEL_DIM_C",
            "target-dir": "/shoprite/Lev1/sse/raw_data/channel_dim_c",
            "split-by": "CHANNEL_ID",
            "unique_column": "CHANNEL_ID",
            "columns": [
              {
                "CHANNEL_ID": "bigint"
              },
              {
                "ACTIVE_FLAG": "char(1)"
              },
              {
                "CREATED_DTTM": "string"
              },
              {
                "LOAD_ID": "bigint"
              },
              {
                "MODIFIED_DTTM": "string"
              },
              {
                "SKELETON_FLAG": "char(1)"
              },
              {
                "CHANNEL_CODE": "string"
              },
              {
                "CHANNEL_NAME": "string"
              }
            ]
          },
          "prod_dim_c": {
            "mappers": "18",
            "partition": "",
            "source_table": "WAREHOUSE.PROD_DIM_C",
            "target-dir": "/shoprite/Lev1/sse/raw_data/prod_dim_c",
            "split-by": "PROD_ID",
            "unique_column": "PROD_ID",
            "columns": [
              {
                "PROD_ID": "bigint"
              },
              {
                "PROD_CODE": "string"
              },
              {
                "PROD_DESC": "string"
              },
              {
                "ACTIVE_FLAG": "char(1)"
              },
              {
                "SKELETON_FLAG": "char(1)"
              },
              {
                "CREATED_DTTM": "string"
              },
              {
                "MODIFIED_DTTM": "string"
              },
              {
                "LOAD_ID": "bigint"
              },
              {
                "PROD_COMML_L10_CODE": "string"
              },
              {
                "PROD_COMML_L10_DESC": "string"
              },
              {
                "PROD_COMML_L10_ALT_DESC": "string"
              },
              {
                "PROD_COMML_L20_CODE": "string"
              },
              {
                "PROD_COMML_L20_DESC": "string"
              },
              {
                "PROD_COMML_L20_ALT_DESC": "string"
              },
              {
                "PROD_COMML_L21_CODE": "string"
              },
              {
                "PROD_COMML_L21_DESC": "string"
              },
              {
                "PROD_COMML_L21_ALT_DESC": "string"
              },
              {
                "PROD_COMML_L30_CODE": "string"
              },
              {
                "PROD_COMML_L30_DESC": "string"
              },
              {
                "PROD_COMML_L30_ALT_DESC": "string"
              },
              {
                "BRAND_TYPE_CODE": "string"
              },
              {
                "BRAND_TYPE_NAME": "string"
              },
              {
                "SOLD_BY_WEIGHT_FLAG": "char(1)"
              },
              {
                "PROD_STATUS_DESC": "string"
              },
              {
                "FAMILY_CODE": "string"
              },
              {
                "FAMILY_NAME": "string"
              },
              {
                "SIZE_NAME": "string"
              },
              {
                "VENDOR_CODE": "string"
              },
              {
                "VENDOR_NAME": "string"
              },
              {
                "BRAND_NAME": "string"
              },
              {
                "SHELF_LABEL_DESC": "string"
              },
              {
                "PROD_ALT_CODE": "string"
              },
              {
                "PROD_ALT_DESC": "string"
              },
              {
                "PROD_COMML_L10_ID": "bigint"
              },
              {
                "PROD_COMML_L20_ID": "bigint"
              },
              {
                "PROD_COMML_L21_ID": "bigint"
              },
              {
                "PROD_COMML_L30_ID": "bigint"
              }
            ]
          },
          "store_dim_c": {
            "mappers": "18",
            "partition": "",
            "source_table": "WAREHOUSE.STORE_DIM_C",
            "target-dir": "/shoprite/Lev1/sse/raw_data/store_dim_c",
            "split-by": "STORE_ID",
            "unique_column": "STORE_ID",
            "columns": [
              {
                "STORE_ID": "bigint"
              },
              {
                "ACTIVE_FLAG": "char(1)"
              },
              {
                "SKELETON_FLAG": "char(1)"
              },
              {
                "STORE_CODE": "string"
              },
              {
                "STORE_NAME": "string"
              },
              {
                "LOAD_ID": "bigint"
              },
              {
                "CREATED_DTTM": "string"
              },
              {
                "MODIFIED_DTTM": "string"
              },
              {
                "ADDRESS_CITY_NAME": "string"
              },
              {
                "ADDRESS_COUNTRY_NAME": "string"
              },
              {
                "LATITUDE_NUM": "bigint"
              },
              {
                "LONGITUDE_NUM": "bigint"
              },
              {
                "FORMAT_NAME": "string"
              },
              {
                "ADDRESS_COUNTRY_CODE": "string"
              },
              {
                "LOCATION_TYPE_DESC": "string"
              },
              {
                "AFFLUENCE_LEVEL_CODE": "string"
              },
              {
                "ADDRESS_STATE_PROV_NAME": "string"
              },
              {
                "STORE_MGMT_L20_CODE": "string"
              },
              {
                "TERMINAL_LANE_QTY": "bigint"
              },
              {
                "TRADING_STATUS_DESC": "string"
              },
              {
                "PROD_TYPE_DESC": "string"
              },
              {
                "TRADING_DAYS": "bigint"
              },
              {
                "AFFLUENCE_LEVEL_DESC": "string"
              },
              {
                "STORE_MGMT_L20_ID": "bigint"
              },
              {
                "STORE_MGMT_L30_ID": "bigint"
              },
              {
                "STORE_MGMT_L30_CODE": "string"
              },
              {
                "SUPER_FORMAT_NAME": "string"
              },
              {
                "HYPER_FORMAT_NAME": "string"
              }
            ]
          },
          "prsn_loyalty_seg": {
            "mappers": "18",
            "target-dir": "/shoprite/Lev1/sse/raw_data/prsn_loyalty_seg",
            "source_table": "WAREHOUSE.PRSN_LOYALTY_SEG",
            "partition": "",
            "split-by": "PRSN_ID",
            "unique_column": "PRSN_ID",
            "columns": [
              {
                "DATE_ID": "string"
              },
              {
                "PRSN_ID": "bigint"
              },
              {
                "PRSN_SEG_LOYALTY_LOW_ID": "bigint"
              },
              {
                "SEG_VERSION_ID": "bigint"
              },
              {
                "PRSN_SEG_LOYALTY_HIGH_ID": "bigint"
              },
              {
                "PRSN_SEG_SPEND_LVL_CODE": "string"
              },
              {
                "PRSN_SEG_FREQ_LVL_CODE": "string"
              },
              {
                "PRSN_SEG_ACTIVE_CODE": "string"
              },
              {
                "LOAD_ID": "bigint"
              },
              {
                "CREATED_DTTM": "string"
              },
              {
                "MODIFIED_DTTM": "string"
              },
              {
                "PRSN_SEG_CHECKERS": "string"
              },
              {
                "PRSN_SEG_SHOPRITE": "string"
              },
              {
                "PRSN_SEG_CHECKERS_HYPER": "string"
              },
              {
                "PRSN_SEG_USAVE": "string"
              },
              {
                "PRSN_SEG_SHOPRITE_LQSHP": "string"
              },
              {
                "PRSN_SEG_CHECKERS_LQSHP": "string"
              },
              {
                "PRSN_SEG_PREF_BANNER": "string"
              }
            ]
          },
          "prsn_pref_seg": {
            "mappers": "6",
            "partition": "\"\"",
            "source_table": "WAREHOUSE.PRSN_PREF_SEG",
            "target-dir": "/shoprite/Lev1/sse/raw_data/prsn_pref_seg",
            "split-by": "PRSN_ID",
            "columns": [
              {
                "DATE_ID": "bigint"
              },
              {
                "PRSN_ID": "bigint"
              },
              {
                "SEG_VERSION_ID": "bigint"
              },
              {
                "PRSN_SEG_PREF_ID": "bigint"
              },
              {
                "PRSN_SEG_PREF_STORE_1_ID": "bigint"
              },
              {
                "PRSN_SEG_PREF_STORE_2_ID": "bigint"
              },
              {
                "PRSN_SEG_PREF_STORE_3_ID": "bigint"
              },
              {
                "LOAD_ID": "bigint"
              },
              {
                "CREATED_DTTM": "string"
              },
              {
                "MODIFIED_DTTM": "string"
              }
            ]
          },
          "max_trans_date_dim": {
            "mappers": "1",
            "target-dir": "/shoprite/Lev1/sse/raw_data/max_trans_date_dim",
            "source_table": "WAREHOUSE.TRANSACTION_ITEM_FCT",
            "rename_table": "MAX_TRANS_DATE_DIM",
            "partition": "\"\"",
            "split-by": "DATE_ID",
            "columns": [
              {
                "DATE_ID": "String"
              }
            ]
          }
        },
        "option": {
          "export": {
            "files": "\"${HOME}/.oracle_wallet/cwallet.sso,${HOME}/.oracle_wallet/ewallet.p12,${TNS_ADMIN}/sqlnet.ora,${TNS_ADMIN}/tnsnames.ora\"",
            "mappers": "18",
            "oraoop.jdbc.url.verbatim": "true",
            "verbose": "\"\"",
            "oraoop.timestamp.string": "false",
            "oraoop.chunk.method": "ROWID",
            "mapreduce.output.fileoutputformat.compress": "true",
            "compress": "\"\"",
            "mapreduce.output.fileoutputformat.compress.type": "BLOCK",
            "compression-codec": "'org.apache.hadoop.io.compress.SnappyCodec'",
            "mapreduce.output.fileoutputformat.compress.codec": "org.apache.hadoop.io.compress.SnappyCodec",
            "connect": "'jdbc:oracle:thin:@EXA_GBSHRPRDD_DM'",
            "env": {
              "hive_home": "/opt/cloudera/parcels/CDH/lib/hive",
              "hadoop_opts": "\" -Doracle.net.tns_admin=${TNS_ADMIN} -Doracle.net.wallet_location=${HOME}/.oracle_wallet -Djava.security.egd=file:/dev/../dev/urandom -Doraoop.import.hint=no_parallel\"",
              "hcat_home": "/opt/cloudera/parcels/CDH/lib/hive-hcatalog/",
              "tns_admin": "~/tns_admin"
            },
            "mapreduce.map.java.opts": "\" -Djava.security.egd=file:/dev/../dev/urandom -Djava.net.preferIPv4Stack=true -Xmx825955249 -Doracle.net.tns_admin=. -Doracle.net.wallet_location=.\"",
            "delete-target-dir": "\"\"",
            "libjars": "'/var/lib/sqoop/oraclepki.jar,/var/lib/sqoop/osdt_cert.jar,/var/lib/sqoop/osdt_core.jar'",
            "mapreduce.job_queuename": "root.sse"
          }
        }
      },
      "cmd": "/usr/bin/sqoop",
      "hadoop": {
        "jdbc": {
          "host": "gbwatbd1r01s05",
          "port": "10000",
          "database": "sza_ssewh"
        },
        "drop_stage_table": "True"
      }
    }
  }
}