{
  "0": {
    "name": "division_all_all_all",
    "cadence_attribute": "fis_week_id",
    "rsd": 0,
    "is_active": true,
    "summary_on": true,
    "durations": [
      [
        1,
        1
      ],
      [
        1,
        4
      ],
      [
        1,
        8
      ],
      [
        1,
        13
      ],
      [
        1,
        26
      ],
      [
        1,
        52
      ],
      [
        1,
        56
      ]
    ],
    "base_features": [
      "Baskets",
      "BasketWeeks",
      "Discount",
      "MaximumPrice",
      "MinimumPrice",
      "MaximumNetPrice",
      "MinimumNetPrice",
      "Quantity",
      "QuantityPrefStore1",
      "QuantityPrefStore2",
      "QuantityPrefStore3",
      "QuantityFulfillmentStore",
      "GrossSpend",
      "NetSpend",
      "MaxPurchaseDate",
      "MinPurchaseDate",
      "RecencyWeightedBasketWeeks75",
      "RecencyWeightedBasketWeeks95",
      "StandardDeviationNetSpendPerWeek"
    ],
    "derived_features": [
      "BasketsFlag",
      "DiscountPerBasket",
      "DiscountPercent",
      "AveragePrice",
      "QuantityPerBasket",
      "NetSpendPerBasket",
      "AveragePurchaseCycle",
      "RecencyDays",
      "CyclesSinceLastPurchase"
    ],
    "distinct_features": [
      "DepartmentCount",
      "SectionCount",
      "GroupCount",
      "PacSubgroupCount",
      "SubgroupCount",
      "ProductCount",
      "CustomerCount"
    ],
    "dimension_attribute_grain": {
      "ChannelAttribute": "All",
      "CustomerAttribute": "All",
      "StoreAttribute": "All",
      "ProductAttribute": "Division"
    },
    "additional_dimension_attribute": [],
    "dimension_attribute_null_filter": [
      "Division"
    ]
  },
  "1": {
    "name": "department_all_all_all",
    "cadence_attribute": "fis_week_id",
    "rsd": 0,
    "is_active": true,
    "summary_on": true,
    "durations": [
      [
        1,
        1
      ],
      [
        1,
        4
      ],
      [
        1,
        8
      ],
      [
        1,
        13
      ],
      [
        1,
        26
      ],
      [
        1,
        52
      ],
      [
        1,
        56
      ]
    ],
    "base_features": [
      "Baskets",
      "BasketWeeks",
      "Discount",
      "MaximumPrice",
      "MinimumPrice",
      "MaximumNetPrice",
      "MinimumNetPrice",
      "Quantity",
      "QuantityPrefStore1",
      "QuantityPrefStore2",
      "QuantityPrefStore3",
      "QuantityFulfillmentStore",
      "GrossSpend",
      "NetSpend",
      "MaxPurchaseDate",
      "MinPurchaseDate",
      "RecencyWeightedBasketWeeks75",
      "RecencyWeightedBasketWeeks95",
      "StandardDeviationNetSpendPerWeek"
    ],
    "derived_features": [
      "BasketsFlag",
      "DiscountPerBasket",
      "DiscountPercent",
      "AveragePrice",
      "QuantityPerBasket",
      "NetSpendPerBasket",
      "AveragePurchaseCycle",
      "RecencyDays",
      "CyclesSinceLastPurchase"
    ],
    "distinct_features": [
      "SectionCount",
      "GroupCount",
      "PacSubgroupCount",
      "SubgroupCount",
      "ProductCount",
      "CustomerCount"
    ],
    "dimension_attribute_grain": {
      "ChannelAttribute": "All",
      "CustomerAttribute": "All",
      "StoreAttribute": "All",
      "ProductAttribute": "Department"
    },
    "additional_dimension_attribute": [],
    "dimension_attribute_null_filter": [
      "Department"
    ]
  },
  "2": {
    "name": "section_all_all_all",
    "cadence_attribute": "fis_week_id",
    "rsd": 0,
    "is_active": true,
    "summary_on": true,
    "durations": [
      [
        1,
        1
      ],
      [
        1,
        4
      ],
      [
        1,
        8
      ],
      [
        1,
        13
      ],
      [
        1,
        26
      ],
      [
        1,
        52
      ],
      [
        1,
        56
      ]
    ],
    "base_features": [
      "Baskets",
      "BasketWeeks",
      "Discount",
      "MaximumPrice",
      "MinimumPrice",
      "MaximumNetPrice",
      "MinimumNetPrice",
      "Quantity",
      "QuantityPrefStore1",
      "QuantityPrefStore2",
      "QuantityPrefStore3",
      "QuantityFulfillmentStore",
      "GrossSpend",
      "NetSpend",
      "MaxPurchaseDate",
      "MinPurchaseDate",
      "RecencyWeightedBasketWeeks75",
      "RecencyWeightedBasketWeeks95",
      "StandardDeviationNetSpendPerWeek"
    ],
    "derived_features": [
      "BasketsFlag",
      "DiscountPerBasket",
      "DiscountPercent",
      "AveragePrice",
      "QuantityPerBasket",
      "NetSpendPerBasket",
      "AveragePurchaseCycle",
      "RecencyDays",
      "CyclesSinceLastPurchase"
    ],
    "distinct_features": [
      "GroupCount",
      "PacSubgroupCount",
      "SubgroupCount",
      "ProductCount",
      "CustomerCount"
    ],
    "dimension_attribute_grain": {
      "ChannelAttribute": "All",
      "CustomerAttribute": "All",
      "StoreAttribute": "All",
      "ProductAttribute": "Section"
    },
    "additional_dimension_attribute": [],
    "dimension_attribute_null_filter": [
      "Section"
    ]
  },
  "3": {
    "name": "group_all_all_all",
    "cadence_attribute": "fis_week_id",
    "rsd": 0,
    "is_active": true,
    "summary_on": true,
    "durations": [
      [
        1,
        1
      ],
      [
        1,
        4
      ],
      [
        1,
        8
      ],
      [
        1,
        13
      ],
      [
        1,
        26
      ],
      [
        1,
        52
      ],
      [
        1,
        56
      ]
    ],
    "base_features": [
      "Baskets",
      "BasketWeeks",
      "Discount",
      "MaximumPrice",
      "MinimumPrice",
      "MaximumNetPrice",
      "MinimumNetPrice",
      "Quantity",
      "QuantityPrefStore1",
      "QuantityPrefStore2",
      "QuantityPrefStore3",
      "QuantityFulfillmentStore",
      "GrossSpend",
      "NetSpend",
      "MaxPurchaseDate",
      "MinPurchaseDate",
      "RecencyWeightedBasketWeeks75",
      "RecencyWeightedBasketWeeks95",
      "StandardDeviationNetSpendPerWeek"
    ],
    "derived_features": [
      "BasketsFlag",
      "DiscountPerBasket",
      "DiscountPercent",
      "AveragePrice",
      "QuantityPerBasket",
      "NetSpendPerBasket",
      "AveragePurchaseCycle",
      "RecencyDays",
      "CyclesSinceLastPurchase"
    ],
    "distinct_features": [
      "PacSubgroupCount",
      "SubgroupCount",
      "ProductCount",
      "CustomerCount"
    ],
    "dimension_attribute_grain": {
      "ChannelAttribute": "All",
      "CustomerAttribute": "All",
      "StoreAttribute": "All",
      "ProductAttribute": "Group"
    },
    "additional_dimension_attribute": [],
    "dimension_attribute_null_filter": [
      "Group"
    ]
  },
  "4": {
    "name": "pacsubgroup_all_all_all",
    "cadence_attribute": "fis_week_id",
    "rsd": 0,
    "is_active": true,
    "summary_on": true,
    "durations": [
      [
        1,
        1
      ],
      [
        1,
        4
      ],
      [
        1,
        8
      ],
      [
        1,
        13
      ],
      [
        1,
        26
      ],
      [
        1,
        52
      ],
      [
        1,
        56
      ]
    ],
    "base_features": [
      "Baskets",
      "BasketWeeks",
      "Discount",
      "MaximumPrice",
      "MinimumPrice",
      "MaximumNetPrice",
      "MinimumNetPrice",
      "Quantity",
      "QuantityPrefStore1",
      "QuantityPrefStore2",
      "QuantityPrefStore3",
      "QuantityFulfillmentStore",
      "GrossSpend",
      "NetSpend",
      "MaxPurchaseDate",
      "MinPurchaseDate",
      "RecencyWeightedBasketWeeks75",
      "RecencyWeightedBasketWeeks95",
      "StandardDeviationNetSpendPerWeek"
    ],
    "derived_features": [
      "BasketsFlag",
      "DiscountPerBasket",
      "DiscountPercent",
      "AveragePrice",
      "QuantityPerBasket",
      "NetSpendPerBasket",
      "AveragePurchaseCycle",
      "RecencyDays",
      "CyclesSinceLastPurchase"
    ],
    "distinct_features": [
      "SubgroupCount",
      "ProductCount",
      "CustomerCount"
    ],
    "dimension_attribute_grain": {
      "ChannelAttribute": "All",
      "CustomerAttribute": "All",
      "StoreAttribute": "All",
      "ProductAttribute": "PacSubgroup"
    },
    "additional_dimension_attribute": [],
    "dimension_attribute_null_filter": [
      "PacSubgroup"
    ]
  },
  "5": {
    "name": "subgroup_all_all_all",
    "cadence_attribute": "fis_week_id",
    "rsd": 0,
    "is_active": true,
    "summary_on": true,
    "durations": [
      [
        1,
        1
      ],
      [
        1,
        4
      ],
      [
        1,
        8
      ],
      [
        1,
        13
      ],
      [
        1,
        26
      ],
      [
        1,
        52
      ],
      [
        1,
        56
      ]
    ],
    "base_features": [
      "Baskets",
      "BasketWeeks",
      "Discount",
      "MaximumPrice",
      "MinimumPrice",
      "MaximumNetPrice",
      "MinimumNetPrice",
      "Quantity",
      "QuantityPrefStore1",
      "QuantityPrefStore2",
      "QuantityPrefStore3",
      "QuantityFulfillmentStore",
      "GrossSpend",
      "NetSpend",
      "MaxPurchaseDate",
      "MinPurchaseDate",
      "RecencyWeightedBasketWeeks75",
      "RecencyWeightedBasketWeeks95",
      "StandardDeviationNetSpendPerWeek"
    ],
    "derived_features": [
      "BasketsFlag",
      "DiscountPerBasket",
      "DiscountPercent",
      "AveragePrice",
      "QuantityPerBasket",
      "NetSpendPerBasket",
      "AveragePurchaseCycle",
      "RecencyDays",
      "CyclesSinceLastPurchase"
    ],
    "distinct_features": [
      "ProductCount",
      "CustomerCount"
    ],
    "dimension_attribute_grain": {
      "ChannelAttribute": "All",
      "CustomerAttribute": "All",
      "StoreAttribute": "All",
      "ProductAttribute": "Subgroup"
    },
    "additional_dimension_attribute": [],
    "dimension_attribute_null_filter": [
      "Subgroup"
    ]
  },
  "6": {
    "name": "product_all_all_all",
    "cadence_attribute": "fis_week_id",
    "rsd": 0,
    "is_active": true,
    "summary_on": true,
    "durations": [
      [
        1,
        1
      ],
      [
        1,
        4
      ],
      [
        1,
        8
      ],
      [
        1,
        13
      ],
      [
        1,
        26
      ],
      [
        1,
        52
      ],
      [
        1,
        56
      ]
    ],
    "base_features": [
      "Baskets",
      "BasketWeeks",
      "Discount",
      "MaximumPrice",
      "MinimumPrice",
      "MaximumNetPrice",
      "MinimumNetPrice",
      "Quantity",
      "QuantityPrefStore1",
      "QuantityPrefStore2",
      "QuantityPrefStore3",
      "QuantityFulfillmentStore",
      "GrossSpend",
      "NetSpend",
      "MaxPurchaseDate",
      "MinPurchaseDate",
      "RecencyWeightedBasketWeeks75",
      "RecencyWeightedBasketWeeks95",
      "StandardDeviationNetSpendPerWeek"
    ],
    "derived_features": [
      "BasketsFlag",
      "DiscountPerBasket",
      "DiscountPercent",
      "AveragePrice",
      "QuantityPerBasket",
      "NetSpendPerBasket",
      "AveragePurchaseCycle",
      "RecencyDays",
      "CyclesSinceLastPurchase"
    ],
    "distinct_features": [
      "CustomerCount"
    ],
    "dimension_attribute_grain": {
      "ChannelAttribute": "All",
      "CustomerAttribute": "All",
      "StoreAttribute": "All",
      "ProductAttribute": "Product"
    },
    "additional_dimension_attribute": [],
    "dimension_attribute_null_filter": [
      "Product"
    ]
  },
  "7": {
    "name": "all_all_all_all",
    "cadence_attribute": "fis_week_id",
    "rsd": 0,
    "is_active": true,
    "summary_on": true,
    "durations": [
      [
        1,
        1
      ],
      [
        1,
        4
      ],
      [
        1,
        8
      ],
      [
        1,
        13
      ],
      [
        1,
        26
      ],
      [
        1,
        52
      ],
      [
        1,
        56
      ]
    ],
    "base_features": [
      "Baskets",
      "BasketWeeks",
      "Discount",
      "MaximumPrice",
      "MinimumPrice",
      "MaximumNetPrice",
      "MinimumNetPrice",
      "Quantity",
      "QuantityPrefStore1",
      "QuantityPrefStore2",
      "QuantityPrefStore3",
      "QuantityFulfillmentStore",
      "GrossSpend",
      "NetSpend",
      "MaxPurchaseDate",
      "MinPurchaseDate",
      "RecencyWeightedBasketWeeks75",
      "RecencyWeightedBasketWeeks95",
      "StandardDeviationNetSpendPerWeek"
    ],
    "derived_features": [
      "BasketsFlag",
      "DiscountPerBasket",
      "DiscountPercent",
      "AveragePrice",
      "QuantityPerBasket",
      "NetSpendPerBasket",
      "AveragePurchaseCycle",
      "RecencyDays",
      "CyclesSinceLastPurchase"
    ],
    "distinct_features": [
      "DivisionCount",
      "DepartmentCount",
      "SectionCount",
      "GroupCount",
      "PacSubgroupCount",
      "SubgroupCount",
      "ProductCount",
      "CustomerCount"
    ],
    "dimension_attribute_grain": {
      "ChannelAttribute": "All",
      "CustomerAttribute": "All",
      "StoreAttribute": "All",
      "ProductAttribute": "All"
    }
  },
  "8": {
    "name": "division_customer_all_all",
    "cadence_attribute": "fis_week_id",
    "rsd": 0,
    "is_active": true,
    "summary_on": true,
    "durations": [
      [
        1,
        1
      ],
      [
        1,
        4
      ],
      [
        1,
        8
      ],
      [
        1,
        13
      ],
      [
        1,
        26
      ],
      [
        1,
        52
      ],
      [
        1,
        56
      ]
    ],
    "base_features": [
      "Baskets",
      "BasketWeeks",
      "Discount",
      "MaximumPrice",
      "MinimumPrice",
      "MaximumNetPrice",
      "MinimumNetPrice",
      "Quantity",
      "QuantityPrefStore1",
      "QuantityPrefStore2",
      "QuantityPrefStore3",
      "QuantityFulfillmentStore",
      "GrossSpend",
      "NetSpend",
      "MaxPurchaseDate",
      "MinPurchaseDate",
      "RecencyWeightedBasketWeeks75",
      "RecencyWeightedBasketWeeks95",
      "StandardDeviationNetSpendPerWeek"
    ],
    "derived_features": [
      "BasketsFlag",
      "DiscountPerBasket",
      "DiscountPercent",
      "AveragePrice",
      "QuantityPerBasket",
      "NetSpendPerBasket",
      "AveragePurchaseCycle",
      "RecencyDays",
      "CyclesSinceLastPurchase"
    ],
    "distinct_features": [
      "DepartmentCount",
      "SectionCount",
      "GroupCount",
      "PacSubgroupCount",
      "SubgroupCount",
      "ProductCount"
    ],
    "dimension_attribute_grain": {
      "ChannelAttribute": "All",
      "CustomerAttribute": "Customer",
      "StoreAttribute": "All",
      "ProductAttribute": "Division"
    },
    "additional_dimension_attribute": [],
    "dimension_attribute_null_filter": [
      "Division",
      "Customer"
    ]
  },
  "9": {
    "name": "department_customer_all_all",
    "cadence_attribute": "fis_week_id",
    "rsd": 0,
    "is_active": true,
    "summary_on": true,
    "durations": [
      [
        1,
        1
      ],
      [
        1,
        4
      ],
      [
        1,
        8
      ],
      [
        1,
        13
      ],
      [
        1,
        26
      ],
      [
        1,
        52
      ],
      [
        1,
        56
      ]
    ],
    "base_features": [
      "Baskets",
      "BasketWeeks",
      "Discount",
      "MaximumPrice",
      "MinimumPrice",
      "MaximumNetPrice",
      "MinimumNetPrice",
      "Quantity",
      "QuantityPrefStore1",
      "QuantityPrefStore2",
      "QuantityPrefStore3",
      "QuantityFulfillmentStore",
      "GrossSpend",
      "NetSpend",
      "MaxPurchaseDate",
      "MinPurchaseDate",
      "RecencyWeightedBasketWeeks75",
      "RecencyWeightedBasketWeeks95",
      "StandardDeviationNetSpendPerWeek"
    ],
    "derived_features": [
      "BasketsFlag",
      "DiscountPerBasket",
      "DiscountPercent",
      "AveragePrice",
      "QuantityPerBasket",
      "NetSpendPerBasket",
      "AveragePurchaseCycle",
      "RecencyDays",
      "CyclesSinceLastPurchase"
    ],
    "distinct_features": [
      "SectionCount",
      "GroupCount",
      "PacSubgroupCount",
      "SubgroupCount",
      "ProductCount"
    ],
    "dimension_attribute_grain": {
      "ChannelAttribute": "All",
      "CustomerAttribute": "Customer",
      "StoreAttribute": "All",
      "ProductAttribute": "Department"
    },
    "additional_dimension_attribute": [],
    "dimension_attribute_null_filter": [
      "Department",
      "Customer"
    ]
  },
  "10": {
    "name": "section_customer_all_all",
    "cadence_attribute": "fis_week_id",
    "rsd": 0,
    "is_active": true,
    "summary_on": true,
    "durations": [
      [
        1,
        1
      ],
      [
        1,
        4
      ],
      [
        1,
        8
      ],
      [
        1,
        13
      ],
      [
        1,
        26
      ],
      [
        1,
        52
      ],
      [
        1,
        56
      ]
    ],
    "base_features": [
      "Baskets",
      "BasketWeeks",
      "Discount",
      "MaximumPrice",
      "MinimumPrice",
      "MaximumNetPrice",
      "MinimumNetPrice",
      "Quantity",
      "QuantityPrefStore1",
      "QuantityPrefStore2",
      "QuantityPrefStore3",
      "QuantityFulfillmentStore",
      "GrossSpend",
      "NetSpend",
      "MaxPurchaseDate",
      "MinPurchaseDate",
      "RecencyWeightedBasketWeeks75",
      "RecencyWeightedBasketWeeks95",
      "StandardDeviationNetSpendPerWeek"
    ],
    "derived_features": [
      "BasketsFlag",
      "DiscountPerBasket",
      "DiscountPercent",
      "AveragePrice",
      "QuantityPerBasket",
      "NetSpendPerBasket",
      "AveragePurchaseCycle",
      "RecencyDays",
      "CyclesSinceLastPurchase"
    ],
    "distinct_features": [
      "GroupCount",
      "PacSubgroupCount",
      "SubgroupCount",
      "ProductCount"
    ],
    "dimension_attribute_grain": {
      "ChannelAttribute": "All",
      "CustomerAttribute": "Customer",
      "StoreAttribute": "All",
      "ProductAttribute": "Section"
    },
    "additional_dimension_attribute": [],
    "dimension_attribute_null_filter": [
      "Section",
      "Customer"
    ]
  },
  "11": {
    "name": "group_customer_all_all",
    "cadence_attribute": "fis_week_id",
    "rsd": 0,
    "is_active": true,
    "summary_on": true,
    "durations": [
      [
        1,
        1
      ],
      [
        1,
        4
      ],
      [
        1,
        8
      ],
      [
        1,
        13
      ],
      [
        1,
        26
      ],
      [
        1,
        52
      ],
      [
        1,
        56
      ]
    ],
    "base_features": [
      "Baskets",
      "BasketWeeks",
      "Discount",
      "MaximumPrice",
      "MinimumPrice",
      "MaximumNetPrice",
      "MinimumNetPrice",
      "Quantity",
      "QuantityPrefStore1",
      "QuantityPrefStore2",
      "QuantityPrefStore3",
      "QuantityFulfillmentStore",
      "GrossSpend",
      "NetSpend",
      "MaxPurchaseDate",
      "MinPurchaseDate",
      "RecencyWeightedBasketWeeks75",
      "RecencyWeightedBasketWeeks95",
      "StandardDeviationNetSpendPerWeek"
    ],
    "derived_features": [
      "BasketsFlag",
      "DiscountPerBasket",
      "DiscountPercent",
      "AveragePrice",
      "QuantityPerBasket",
      "NetSpendPerBasket",
      "AveragePurchaseCycle",
      "RecencyDays",
      "CyclesSinceLastPurchase"
    ],
    "distinct_features": [
      "PacSubgroupCount",
      "SubgroupCount",
      "ProductCount"
    ],
    "dimension_attribute_grain": {
      "ChannelAttribute": "All",
      "CustomerAttribute": "Customer",
      "StoreAttribute": "All",
      "ProductAttribute": "Group"
    },
    "additional_dimension_attribute": [
      {
        "attribute": [
          "Section"
        ],
        "dimension": "Product",
        "join_key": [
          "Group"
        ]
      }
    ],
    "dimension_attribute_null_filter": [
      "Group",
      "Customer"
    ]
  },
  "12": {
    "name": "pacsubgroup_customer_all_all",
    "cadence_attribute": "fis_week_id",
    "rsd": 0,
    "is_active": true,
    "summary_on": true,
    "durations": [
      [
        1,
        1
      ],
      [
        1,
        4
      ],
      [
        1,
        8
      ],
      [
        1,
        13
      ],
      [
        1,
        26
      ],
      [
        1,
        52
      ],
      [
        1,
        56
      ]
    ],
    "base_features": [
      "Baskets",
      "BasketWeeks",
      "Discount",
      "MaximumPrice",
      "MinimumPrice",
      "MaximumNetPrice",
      "MinimumNetPrice",
      "Quantity",
      "QuantityPrefStore1",
      "QuantityPrefStore2",
      "QuantityPrefStore3",
      "QuantityFulfillmentStore",
      "GrossSpend",
      "NetSpend",
      "MaxPurchaseDate",
      "MinPurchaseDate",
      "RecencyWeightedBasketWeeks75",
      "RecencyWeightedBasketWeeks95",
      "StandardDeviationNetSpendPerWeek"
    ],
    "derived_features": [
      "BasketsFlag",
      "DiscountPerBasket",
      "DiscountPercent",
      "AveragePrice",
      "QuantityPerBasket",
      "NetSpendPerBasket",
      "AveragePurchaseCycle",
      "RecencyDays",
      "CyclesSinceLastPurchase"
    ],
    "distinct_features": [
      "SubgroupCount",
      "ProductCount"
    ],
    "dimension_attribute_grain": {
      "ChannelAttribute": "All",
      "CustomerAttribute": "Customer",
      "StoreAttribute": "All",
      "ProductAttribute": "PacSubgroup"
    },
    "additional_dimension_attribute": [],
    "dimension_attribute_null_filter": [
      "PacSubgroup",
      "Customer"
    ]
  },
  "13": {
    "name": "subgroup_customer_all_all",
    "cadence_attribute": "fis_week_id",
    "rsd": 0,
    "is_active": true,
    "summary_on": true,
    "durations": [
      [
        1,
        1
      ],
      [
        1,
        4
      ],
      [
        1,
        8
      ],
      [
        1,
        13
      ],
      [
        1,
        26
      ],
      [
        1,
        52
      ],
      [
        1,
        56
      ]
    ],
    "base_features": [
      "Baskets",
      "BasketWeeks",
      "Discount",
      "MaximumPrice",
      "MinimumPrice",
      "MaximumNetPrice",
      "MinimumNetPrice",
      "Quantity",
      "QuantityPrefStore1",
      "QuantityPrefStore2",
      "QuantityPrefStore3",
      "QuantityFulfillmentStore",
      "GrossSpend",
      "NetSpend",
      "MaxPurchaseDate",
      "MinPurchaseDate",
      "RecencyWeightedBasketWeeks75",
      "RecencyWeightedBasketWeeks95",
      "StandardDeviationNetSpendPerWeek"
    ],
    "derived_features": [
      "BasketsFlag",
      "DiscountPerBasket",
      "DiscountPercent",
      "AveragePrice",
      "QuantityPerBasket",
      "NetSpendPerBasket",
      "AveragePurchaseCycle",
      "RecencyDays",
      "CyclesSinceLastPurchase"
    ],
    "distinct_features": [
      "ProductCount"
    ],
    "dimension_attribute_grain": {
      "ChannelAttribute": "All",
      "CustomerAttribute": "Customer",
      "StoreAttribute": "All",
      "ProductAttribute": "Subgroup"
    },
    "additional_dimension_attribute": [],
    "dimension_attribute_null_filter": [
      "Subgroup",
      "Customer"
    ]
  },
  "14": {
    "name": "product_customer_all_all",
    "cadence_attribute": "fis_week_id",
    "rsd": 0,
    "is_active": true,
    "summary_on": true,
    "durations": [
      [
        1,
        1
      ],
      [
        1,
        4
      ],
      [
        1,
        8
      ],
      [
        1,
        13
      ],
      [
        1,
        26
      ],
      [
        1,
        52
      ],
      [
        1,
        56
      ]
    ],
    "base_features": [
      "Baskets",
      "BasketWeeks",
      "Discount",
      "MaximumPrice",
      "MinimumPrice",
      "MaximumNetPrice",
      "MinimumNetPrice",
      "Quantity",
      "QuantityPrefStore1",
      "QuantityPrefStore2",
      "QuantityPrefStore3",
      "QuantityFulfillmentStore",
      "GrossSpend",
      "NetSpend",
      "MaxPurchaseDate",
      "MinPurchaseDate",
      "RecencyWeightedBasketWeeks75",
      "RecencyWeightedBasketWeeks95",
      "StandardDeviationNetSpendPerWeek"
    ],
    "derived_features": [
      "BasketsFlag",
      "DiscountPerBasket",
      "DiscountPercent",
      "AveragePrice",
      "QuantityPerBasket",
      "NetSpendPerBasket",
      "AveragePurchaseCycle",
      "RecencyDays",
      "CyclesSinceLastPurchase"
    ],
    "distinct_features": [],
    "dimension_attribute_grain": {
      "ChannelAttribute": "All",
      "CustomerAttribute": "Customer",
      "StoreAttribute": "All",
      "ProductAttribute": "Product"
    },
    "additional_dimension_attribute": [
      {
        "attribute": [
          "Division",
          "Department",
          "Section",
          "Group",
          "Subgroup"
        ],
        "dimension": "Product",
        "join_key": [
          "Product"
        ]
      }
    ],
    "dimension_attribute_null_filter": [
      "Product",
      "Customer"
    ]
  },
  "15": {
    "name": "all_customer_all_all",
    "cadence_attribute": "fis_week_id",
    "rsd": 0,
    "is_active": true,
    "summary_on": true,
    "durations": [
      [
        1,
        1
      ],
      [
        1,
        4
      ],
      [
        1,
        8
      ],
      [
        1,
        13
      ],
      [
        1,
        26
      ],
      [
        1,
        52
      ],
      [
        1,
        56
      ]
    ],
    "base_features": [
      "Baskets",
      "BasketWeeks",
      "Discount",
      "MaximumPrice",
      "MinimumPrice",
      "MaximumNetPrice",
      "MinimumNetPrice",
      "Quantity",
      "QuantityPrefStore1",
      "QuantityPrefStore2",
      "QuantityPrefStore3",
      "QuantityFulfillmentStore",
      "GrossSpend",
      "NetSpend",
      "MaxPurchaseDate",
      "MinPurchaseDate",
      "RecencyWeightedBasketWeeks75",
      "RecencyWeightedBasketWeeks95",
      "StandardDeviationNetSpendPerWeek"
    ],
    "derived_features": [
      "BasketsFlag",
      "DiscountPerBasket",
      "DiscountPercent",
      "AveragePrice",
      "QuantityPerBasket",
      "NetSpendPerBasket",
      "AveragePurchaseCycle",
      "RecencyDays",
      "CyclesSinceLastPurchase"
    ],
    "distinct_features": [
      "DivisionCount",
      "DepartmentCount",
      "SectionCount",
      "GroupCount",
      "PacSubgroupCount",
      "SubgroupCount",
      "ProductCount"
    ],
    "dimension_attribute_grain": {
      "ChannelAttribute": "All",
      "CustomerAttribute": "Customer",
      "StoreAttribute": "All",
      "ProductAttribute": "All"
    }
  }
}